team,season,w_tot,l_tot,gp_tot
ARI,2000,3,13,16
ARI,2001,7,9,16
ARI,2002,5,11,16
ARI,2003,4,12,16
ARI,2004,6,10,16
ARI,2005,5,11,16
ARI,2006,5,11,16
ARI,2007,8,8,16
ARI,2008,12,8,20
ARI,2009,11,7,18
ARI,2010,5,11,16
ARI,2011,8,8,16
ARI,2012,5,11,16
ARI,2013,10,6,16
ARI,2014,11,6,17
ARI,2015,14,4,18
ARI,2016,8,9,17
ARI,2017,8,8,16
ARI,2018,3,13,16
ARI,2019,6,11,17
ARI,2020,8,8,16
ARI,2021,11,7,18
ARI,2022,4,13,17
ARI,2023,4,13,17
ARI,2024,8,9,17
ARI,2025,3,14,17
ATL,2000,4,12,16
ATL,2001,7,9,16
ATL,2002,10,7,17
ATL,2003,5,11,16
ATL,2004,12,6,18
ATL,2005,8,8,16
ATL,2006,7,9,16
ATL,2007,4,12,16
ATL,2008,11,6,17
ATL,2009,9,7,16
ATL,2010,13,4,17
ATL,2011,10,7,17
ATL,2012,14,4,18
ATL,2013,4,12,16
ATL,2014,6,10,16
ATL,2015,8,8,16
ATL,2016,13,6,19
ATL,2017,11,7,18
ATL,2018,7,9,16
ATL,2019,7,9,16
ATL,2020,4,12,16
ATL,2021,7,10,17
ATL,2022,7,10,17
ATL,2023,7,10,17
ATL,2024,8,9,17
ATL,2025,8,9,17
BAL,2000,16,4,20
BAL,2001,11,7,18
BAL,2002,7,9,16
BAL,2003,10,7,17
BAL,2004,9,7,16
BAL,2005,6,10,16
BAL,2006,13,4,17
BAL,2007,5,11,16
BAL,2008,13,6,19
BAL,2009,10,8,18
BAL,2010,13,5,18
BAL,2011,13,5,18
BAL,2012,14,6,20
BAL,2013,8,8,16
BAL,2014,11,7,18
BAL,2015,5,11,16
BAL,2016,8,8,16
BAL,2017,9,7,16
BAL,2018,10,7,17
BAL,2019,14,3,17
BAL,2020,12,6,18
BAL,2021,8,9,17
BAL,2022,10,8,18
BAL,2023,14,5,19
BAL,2024,13,6,19
BAL,2025,8,9,17
BUF,2000,8,8,16
BUF,2001,3,13,16
BUF,2002,8,8,16
BUF,2003,6,10,16
BUF,2004,9,7,16
BUF,2005,5,11,16
BUF,2006,7,9,16
BUF,2007,7,9,16
BUF,2008,7,9,16
BUF,2009,6,10,16
BUF,2010,4,12,16
BUF,2011,6,10,16
BUF,2012,6,10,16
BUF,2013,6,10,16
BUF,2014,9,7,16
BUF,2015,8,8,16
BUF,2016,7,9,16
BUF,2017,9,8,17
BUF,2018,6,10,16
BUF,2019,10,7,17
BUF,2020,15,4,19
BUF,2021,12,7,19
BUF,2022,14,4,18
BUF,2023,12,7,19
BUF,2024,15,5,20
BUF,2025,13,6,19
CAR,2000,7,9,16
CAR,2001,1,15,16
CAR,2002,7,9,16
CAR,2003,14,6,20
CAR,2004,7,9,16
CAR,2005,13,6,19
CAR,2006,8,8,16
CAR,2007,7,9,16
CAR,2008,12,5,17
CAR,2009,8,8,16
CAR,2010,2,14,16
CAR,2011,6,10,16
CAR,2012,7,9,16
CAR,2013,12,5,17
CAR,2014,8,9,17
CAR,2015,17,2,19
CAR,2016,6,10,16
CAR,2017,11,6,17
CAR,2018,7,9,16
CAR,2019,5,11,16
CAR,2020,5,11,16
CAR,2021,5,12,17
CAR,2022,7,10,17
CAR,2023,2,15,17
CAR,2024,5,12,17
CAR,2025,8,10,18
CHI,2000,5,11,16
CHI,2001,13,4,17
CHI,2002,4,12,16
CHI,2003,7,9,16
CHI,2004,5,11,16
CHI,2005,11,6,17
CHI,2006,15,4,19
CHI,2007,7,9,16
CHI,2008,9,7,16
CHI,2009,7,9,16
CHI,2010,12,6,18
CHI,2011,8,8,16
CHI,2012,10,6,16
CHI,2013,8,8,16
CHI,2014,5,11,16
CHI,2015,6,10,16
CHI,2016,3,13,16
CHI,2017,5,11,16
CHI,2018,12,5,17
CHI,2019,8,8,16
CHI,2020,8,9,17
CHI,2021,6,11,17
CHI,2022,3,14,17
CHI,2023,7,10,17
CHI,2024,5,12,17
CHI,2025,12,7,19
CIN,2000,4,12,16
CIN,2001,6,10,16
CIN,2002,2,14,16
CIN,2003,8,8,16
CIN,2004,8,8,16
CIN,2005,11,6,17
CIN,2006,8,8,16
CIN,2007,7,9,16
CIN,2008,5,12,17
CIN,2009,10,7,17
CIN,2010,4,12,16
CIN,2011,9,8,17
CIN,2012,10,7,17
CIN,2013,11,6,17
CIN,2014,11,7,18
CIN,2015,12,5,17
CIN,2016,7,10,17
CIN,2017,7,9,16
CIN,2018,6,10,16
CIN,2019,2,14,16
CIN,2020,4,11,15
CIN,2021,13,8,21
CIN,2022,14,5,19
CIN,2023,9,8,17
CIN,2024,9,8,17
CIN,2025,6,11,17
CLE,2000,3,13,16
CLE,2001,7,9,16
CLE,2002,9,8,17
CLE,2003,5,11,16
CLE,2004,4,12,16
CLE,2005,6,10,16
CLE,2006,4,12,16
CLE,2007,10,6,16
CLE,2008,4,12,16
CLE,2009,5,11,16
CLE,2010,5,11,16
CLE,2011,4,12,16
CLE,2012,5,11,16
CLE,2013,4,12,16
CLE,2014,7,9,16
CLE,2015,3,13,16
CLE,2016,1,15,16
CLE,2017,0,16,16
CLE,2018,8,9,17
CLE,2019,6,10,16
CLE,2020,12,6,18
CLE,2021,8,9,17
CLE,2022,7,10,17
CLE,2023,11,7,18
CLE,2024,3,14,17
CLE,2025,5,12,17
DAL,2000,5,11,16
DAL,2001,5,11,16
DAL,2002,5,11,16
DAL,2003,10,7,17
DAL,2004,6,10,16
DAL,2005,9,7,16
DAL,2006,9,8,17
DAL,2007,13,4,17
DAL,2008,9,7,16
DAL,2009,12,6,18
DAL,2010,6,10,16
DAL,2011,8,8,16
DAL,2012,8,8,16
DAL,2013,8,8,16
DAL,2014,13,5,18
DAL,2015,4,12,16
DAL,2016,13,4,17
DAL,2017,9,7,16
DAL,2018,11,7,18
DAL,2019,8,8,16
DAL,2020,6,10,16
DAL,2021,12,6,18
DAL,2022,13,6,19
DAL,2023,12,6,18
DAL,2024,7,10,17
DAL,2025,8,10,18
DEN,2000,11,6,17
DEN,2001,8,8,16
DEN,2002,9,7,16
DEN,2003,10,7,17
DEN,2004,10,7,17
DEN,2005,14,4,18
DEN,2006,9,7,16
DEN,2007,7,9,16
DEN,2008,8,8,16
DEN,2009,8,8,16
DEN,2010,4,12,16
DEN,2011,9,9,18
DEN,2012,13,4,17
DEN,2013,15,4,19
DEN,2014,12,5,17
DEN,2015,15,4,19
DEN,2016,9,7,16
DEN,2017,5,11,16
DEN,2018,6,10,16
DEN,2019,7,9,16
DEN,2020,5,11,16
DEN,2021,7,10,17
DEN,2022,5,12,17
DEN,2023,8,9,17
DEN,2024,10,8,18
DEN,2025,15,4,19
DET,2000,9,7,16
DET,2001,2,14,16
DET,2002,3,13,16
DET,2003,5,11,16
DET,2004,6,10,16
DET,2005,5,11,16
DET,2006,3,13,16
DET,2007,7,9,16
DET,2008,0,16,16
DET,2009,2,14,16
DET,2010,6,10,16
DET,2011,10,7,17
DET,2012,4,12,16
DET,2013,7,9,16
DET,2014,11,6,17
DET,2015,7,9,16
DET,2016,9,8,17
DET,2017,9,7,16
DET,2018,6,10,16
DET,2019,3,12,15
DET,2020,5,11,16
DET,2021,3,13,16
DET,2022,9,8,17
DET,2023,14,6,20
DET,2024,15,3,18
DET,2025,9,8,17
GB,2000,9,7,16
GB,2001,13,5,18
GB,2002,12,5,17
GB,2003,11,7,18
GB,2004,10,7,17
GB,2005,4,12,16
GB,2006,8,8,16
GB,2007,14,4,18
GB,2008,6,10,16
GB,2009,11,6,17
GB,2010,14,6,20
GB,2011,15,2,17
GB,2012,12,6,18
GB,2013,9,9,18
GB,2014,13,5,18
GB,2015,11,7,18
GB,2016,12,7,19
GB,2017,7,9,16
GB,2018,7,10,17
GB,2019,14,4,18
GB,2020,14,4,18
GB,2021,13,5,18
GB,2022,8,9,17
GB,2023,10,9,19
GB,2024,11,7,18
GB,2025,9,8,17
HOU,2002,4,12,16
HOU,2003,5,11,16
HOU,2004,7,9,16
HOU,2005,2,14,16
HOU,2006,6,10,16
HOU,2007,8,8,16
HOU,2008,8,8,16
HOU,2009,9,7,16
HOU,2010,6,10,16
HOU,2011,11,7,18
HOU,2012,13,5,18
HOU,2013,2,14,16
HOU,2014,9,7,16
HOU,2015,9,8,17
HOU,2016,10,8,18
HOU,2017,4,12,16
HOU,2018,11,6,17
HOU,2019,11,7,18
HOU,2020,4,12,16
HOU,2021,4,13,17
HOU,2022,4,14,18
HOU,2023,11,8,19
HOU,2024,11,8,19
HOU,2025,13,6,19
IND,2000,10,7,17
IND,2001,6,10,16
IND,2002,10,7,17
IND,2003,14,5,19
IND,2004,13,5,18
IND,2005,14,3,17
IND,2006,16,4,20
IND,2007,13,4,17
IND,2008,12,5,17
IND,2009,16,3,19
IND,2010,10,7,17
IND,2011,2,14,16
IND,2012,11,6,17
IND,2013,12,6,18
IND,2014,13,6,19
IND,2015,8,8,16
IND,2016,8,8,16
IND,2017,4,12,16
IND,2018,11,7,18
IND,2019,7,9,16
IND,2020,11,6,17
IND,2021,9,8,17
IND,2022,4,12,16
IND,2023,9,8,17
IND,2024,8,9,17
IND,2025,8,9,17
JAX,2000,7,9,16
JAX,2001,6,10,16
JAX,2002,6,10,16
JAX,2003,5,11,16
JAX,2004,9,7,16
JAX,2005,12,5,17
JAX,2006,8,8,16
JAX,2007,12,6,18
JAX,2008,5,11,16
JAX,2009,7,9,16
JAX,2010,8,8,16
JAX,2011,5,11,16
JAX,2012,2,14,16
JAX,2013,4,12,16
JAX,2014,3,13,16
JAX,2015,5,11,16
JAX,2016,3,13,16
JAX,2017,12,7,19
JAX,2018,5,11,16
JAX,2019,6,10,16
JAX,2020,1,15,16
JAX,2021,3,14,17
JAX,2022,10,9,19
JAX,2023,9,8,17
JAX,2024,4,13,17
JAX,2025,13,5,18
KC,2000,7,9,16
KC,2001,6,10,16
KC,2002,8,8,16
KC,2003,13,4,17
KC,2004,7,9,16
KC,2005,10,6,16
KC,2006,9,8,17
KC,2007,4,12,16
KC,2008,2,14,16
KC,2009,4,12,16
KC,2010,10,7,17
KC,2011,7,9,16
KC,2012,2,14,16
KC,2013,11,6,17
KC,2014,9,7,16
KC,2015,12,6,18
KC,2016,12,5,17
KC,2017,10,7,17
KC,2018,13,5,18
KC,2019,15,4,19
KC,2020,16,3,19
KC,2021,14,6,20
KC,2022,17,3,20
KC,2023,15,6,21
KC,2024,17,3,20
KC,2025,6,11,17
LA,2016,4,12,16
LA,2017,11,6,17
LA,2018,15,4,19
LA,2019,9,7,16
LA,2020,11,7,18
LA,2021,16,5,21
LA,2022,5,12,17
LA,2023,10,8,18
LA,2024,11,8,19
LA,2025,14,6,20
LAC,2017,9,7,16
LAC,2018,13,5,18
LAC,2019,5,11,16
LAC,2020,7,9,16
LAC,2021,9,8,17
LAC,2022,10,8,18
LAC,2023,5,12,17
LAC,2024,11,7,18
LAC,2025,11,7,18
LV,2020,8,8,16
LV,2021,10,8,18
LV,2022,6,11,17
LV,2023,8,9,17
LV,2024,4,13,17
LV,2025,3,14,17
MIA,2000,12,6,18
MIA,2001,11,6,17
MIA,2002,9,7,16
MIA,2003,10,6,16
MIA,2004,4,12,16
MIA,2005,9,7,16
MIA,2006,6,10,16
MIA,2007,1,15,16
MIA,2008,11,6,17
MIA,2009,7,9,16
MIA,2010,7,9,16
MIA,2011,6,10,16
MIA,2012,7,9,16
MIA,2013,8,8,16
MIA,2014,8,8,16
MIA,2015,6,10,16
MIA,2016,10,7,17
MIA,2017,6,10,16
MIA,2018,7,9,16
MIA,2019,5,11,16
MIA,2020,10,6,16
MIA,2021,9,8,17
MIA,2022,9,9,18
MIA,2023,11,7,18
MIA,2024,8,9,17
MIA,2025,7,10,17
MIN,2000,12,6,18
MIN,2001,5,11,16
MIN,2002,6,10,16
MIN,2003,9,7,16
MIN,2004,9,9,18
MIN,2005,9,7,16
MIN,2006,6,10,16
MIN,2007,8,8,16
MIN,2008,10,7,17
MIN,2009,13,5,18
MIN,2010,6,10,16
MIN,2011,3,13,16
MIN,2012,10,7,17
MIN,2013,5,10,15
MIN,2014,7,9,16
MIN,2015,11,6,17
MIN,2016,8,8,16
MIN,2017,14,4,18
MIN,2018,8,7,15
MIN,2019,11,7,18
MIN,2020,7,9,16
MIN,2021,8,9,17
MIN,2022,13,5,18
MIN,2023,7,10,17
MIN,2024,14,4,18
MIN,2025,9,8,17
NE,2000,5,11,16
NE,2001,14,5,19
NE,2002,9,7,16
NE,2003,17,2,19
NE,2004,17,2,19
NE,2005,11,7,18
NE,2006,14,5,19
NE,2007,18,1,19
NE,2008,11,5,16
NE,2009,10,7,17
NE,2010,14,3,17
NE,2011,15,4,19
NE,2012,13,5,18
NE,2013,13,5,18
NE,2014,15,4,19
NE,2015,13,5,18
NE,2016,17,2,19
NE,2017,15,4,19
NE,2018,14,5,19
NE,2019,12,5,17
NE,2020,7,9,16
NE,2021,10,8,18
NE,2022,8,9,17
NE,2023,4,13,17
NE,2024,4,13,17
NE,2025,17,4,21
NO,2000,11,7,18
NO,2001,7,9,16
NO,2002,9,7,16
NO,2003,8,8,16
NO,2004,8,8,16
NO,2005,3,13,16
NO,2006,11,7,18
NO,2007,7,9,16
NO,2008,8,8,16
NO,2009,16,3,19
NO,2010,11,6,17
NO,2011,14,4,18
NO,2012,7,9,16
NO,2013,12,6,18
NO,2014,7,9,16
NO,2015,7,9,16
NO,2016,7,9,16
NO,2017,12,6,18
NO,2018,14,4,18
NO,2019,13,4,17
NO,2020,13,5,18
NO,2021,9,8,17
NO,2022,7,10,17
NO,2023,9,8,17
NO,2024,5,12,17
NO,2025,6,11,17
NYG,2000,14,5,19
NYG,2001,7,9,16
NYG,2002,10,7,17
NYG,2003,4,12,16
NYG,2004,6,10,16
NYG,2005,11,6,17
NYG,2006,8,9,17
NYG,2007,14,6,20
NYG,2008,12,5,17
NYG,2009,8,8,16
NYG,2010,10,6,16
NYG,2011,13,7,20
NYG,2012,9,7,16
NYG,2013,7,9,16
NYG,2014,6,10,16
NYG,2015,6,10,16
NYG,2016,11,6,17
NYG,2017,3,13,16
NYG,2018,5,11,16
NYG,2019,4,12,16
NYG,2020,6,10,16
NYG,2021,4,13,17
NYG,2022,11,9,20
NYG,2023,6,11,17
NYG,2024,3,14,17
NYG,2025,4,13,17
NYJ,2000,9,7,16
NYJ,2001,10,7,17
NYJ,2002,10,8,18
NYJ,2003,6,10,16
NYJ,2004,11,7,18
NYJ,2005,4,12,16
NYJ,2006,10,7,17
NYJ,2007,4,12,16
NYJ,2008,9,7,16
NYJ,2009,11,8,19
NYJ,2010,13,6,19
NYJ,2011,8,8,16
NYJ,2012,6,10,16
NYJ,2013,8,8,16
NYJ,2014,4,12,16
NYJ,2015,10,6,16
NYJ,2016,5,11,16
NYJ,2017,5,11,16
NYJ,2018,4,12,16
NYJ,2019,7,9,16
NYJ,2020,2,14,16
NYJ,2021,4,13,17
NYJ,2022,7,10,17
NYJ,2023,7,10,17
NYJ,2024,5,12,17
NYJ,2025,3,14,17
OAK,2000,13,5,18
OAK,2001,11,7,18
OAK,2002,13,6,19
OAK,2003,4,12,16
OAK,2004,5,11,16
OAK,2005,4,12,16
OAK,2006,2,14,16
OAK,2007,4,12,16
OAK,2008,5,11,16
OAK,2009,5,11,16
OAK,2010,8,8,16
OAK,2011,8,8,16
OAK,2012,4,12,16
OAK,2013,4,12,16
OAK,2014,3,13,16
OAK,2015,7,9,16
OAK,2016,12,5,17
OAK,2017,6,10,16
OAK,2018,4,12,16
OAK,2019,7,9,16
PHI,2000,12,6,18
PHI,2001,13,6,19
PHI,2002,13,5,18
PHI,2003,13,5,18
PHI,2004,15,4,19
PHI,2005,6,10,16
PHI,2006,11,7,18
PHI,2007,8,8,16
PHI,2008,11,7,18
PHI,2009,11,6,17
PHI,2010,10,7,17
PHI,2011,8,8,16
PHI,2012,4,12,16
PHI,2013,10,7,17
PHI,2014,10,6,16
PHI,2015,7,9,16
PHI,2016,7,9,16
PHI,2017,16,3,19
PHI,2018,10,8,18
PHI,2019,9,8,17
PHI,2020,5,12,17
PHI,2021,9,9,18
PHI,2022,16,4,20
PHI,2023,11,7,18
PHI,2024,18,3,21
PHI,2025,11,7,18
PIT,2000,9,7,16
PIT,2001,14,4,18
PIT,2002,12,7,19
PIT,2003,6,10,16
PIT,2004,16,2,18
PIT,2005,15,5,20
PIT,2006,8,8,16
PIT,2007,10,7,17
PIT,2008,15,4,19
PIT,2009,9,7,16
PIT,2010,14,5,19
PIT,2011,12,5,17
PIT,2012,8,8,16
PIT,2013,8,8,16
PIT,2014,11,6,17
PIT,2015,11,7,18
PIT,2016,13,6,19
PIT,2017,13,4,17
PIT,2018,9,6,15
PIT,2019,8,8,16
PIT,2020,12,5,17
PIT,2021,10,9,19
PIT,2022,9,8,17
PIT,2023,10,8,18
PIT,2024,10,8,18
PIT,2025,10,8,18
SD,2000,1,15,16
SD,2001,5,11,16
SD,2002,8,8,16
SD,2003,4,12,16
SD,2004,12,5,17
SD,2005,9,7,16
SD,2006,14,3,17
SD,2007,13,6,19
SD,2008,9,9,18
SD,2009,13,4,17
SD,2010,9,7,16
SD,2011,8,8,16
SD,2012,7,9,16
SD,2013,10,8,18
SD,2014,9,7,16
SD,2015,4,12,16
SD,2016,5,11,16
SEA,2000,6,10,16
SEA,2001,9,7,16
SEA,2002,7,9,16
SEA,2003,10,7,17
SEA,2004,9,8,17
SEA,2005,15,4,19
SEA,2006,10,8,18
SEA,2007,11,7,18
SEA,2008,4,12,16
SEA,2009,5,11,16
SEA,2010,8,10,18
SEA,2011,7,9,16
SEA,2012,12,6,18
SEA,2013,16,3,19
SEA,2014,14,5,19
SEA,2015,11,7,18
SEA,2016,11,6,17
SEA,2017,9,7,16
SEA,2018,10,7,17
SEA,2019,12,6,18
SEA,2020,12,5,17
SEA,2021,7,10,17
SEA,2022,9,9,18
SEA,2023,9,8,17
SEA,2024,10,7,17
SEA,2025,17,3,20
SF,2000,6,10,16
SF,2001,12,5,17
SF,2002,11,7,18
SF,2003,7,9,16
SF,2004,2,14,16
SF,2005,4,12,16
SF,2006,7,9,16
SF,2007,5,11,16
SF,2008,7,9,16
SF,2009,8,8,16
SF,2010,6,10,16
SF,2011,14,4,18
SF,2012,14,6,20
SF,2013,14,5,19
SF,2014,8,8,16
SF,2015,5,11,16
SF,2016,2,14,16
SF,2017,6,10,16
SF,2018,4,12,16
SF,2019,15,4,19
SF,2020,6,10,16
SF,2021,12,8,20
SF,2022,15,5,20
SF,2023,14,6,20
SF,2024,6,11,17
SF,2025,13,6,19
STL,2000,10,7,17
STL,2001,16,3,19
STL,2002,7,9,16
STL,2003,12,5,17
STL,2004,9,9,18
STL,2005,6,10,16
STL,2006,8,8,16
STL,2007,3,13,16
STL,2008,2,14,16
STL,2009,1,15,16
STL,2010,7,9,16
STL,2011,2,14,16
STL,2012,7,8,15
STL,2013,7,9,16
STL,2014,6,10,16
STL,2015,7,9,16
TB,2000,10,7,17
TB,2001,9,8,17
TB,2002,15,4,19
TB,2003,7,9,16
TB,2004,5,11,16
TB,2005,11,6,17
TB,2006,4,12,16
TB,2007,9,8,17
TB,2008,9,7,16
TB,2009,3,13,16
TB,2010,10,6,16
TB,2011,4,12,16
TB,2012,7,9,16
TB,2013,4,12,16
TB,2014,2,14,16
TB,2015,6,10,16
TB,2016,9,7,16
TB,2017,5,11,16
TB,2018,5,11,16
TB,2019,7,9,16
TB,2020,15,5,20
TB,2021,14,5,19
TB,2022,8,10,18
TB,2023,10,9,19
TB,2024,10,8,18
TB,2025,8,9,17
TEN,2000,13,4,17
TEN,2001,7,9,16
TEN,2002,12,6,18
TEN,2003,13,5,18
TEN,2004,5,11,16
TEN,2005,4,12,16
TEN,2006,8,8,16
TEN,2007,10,7,17
TEN,2008,13,4,17
TEN,2009,8,8,16
TEN,2010,6,10,16
TEN,2011,9,7,16
TEN,2012,6,10,16
TEN,2013,7,9,16
TEN,2014,2,14,16
TEN,2015,3,13,16
TEN,2016,9,7,16
TEN,2017,10,8,18
TEN,2018,9,7,16
TEN,2019,11,8,19
TEN,2020,11,6,17
TEN,2021,12,6,18
TEN,2022,7,10,17
TEN,2023,6,11,17
TEN,2024,3,14,17
TEN,2025,3,14,17
WAS,2000,8,8,16
WAS,2001,8,8,16
WAS,2002,7,9,16
WAS,2003,5,11,16
WAS,2004,6,10,16
WAS,2005,11,7,18
WAS,2006,5,11,16
WAS,2007,9,8,17
WAS,2008,8,8,16
WAS,2009,4,12,16
WAS,2010,6,10,16
WAS,2011,5,11,16
WAS,2012,10,7,17
WAS,2013,3,13,16
WAS,2014,4,12,16
WAS,2015,9,8,17
WAS,2016,8,7,15
WAS,2017,7,9,16
WAS,2018,7,9,16
WAS,2019,3,13,16
WAS,2020,7,10,17
WAS,2021,7,10,17
WAS,2022,8,8,16
WAS,2023,4,13,17
WAS,2024,14,6,20
WAS,2025,5,12,17
