player,season,team,w_tot,l_tot,gp_tot
A.J. Feeley,2002,PHI,4,1,5
A.J. Feeley,2004,MIA,3,5,8
A.J. Feeley,2006,PHI,1,0,1
A.J. Feeley,2007,PHI,0,2,2
A.J. Feeley,2011,STL,1,2,3
A.J. McCarron,2015,CIN,2,2,4
A.J. McCarron,2019,HOU,0,1,1
Aaron Brooks,2000,NO,4,3,7
Aaron Brooks,2001,NO,7,9,16
Aaron Brooks,2002,NO,9,7,16
Aaron Brooks,2003,NO,8,8,16
Aaron Brooks,2004,NO,8,8,16
Aaron Brooks,2005,NO,3,10,13
Aaron Brooks,2006,OAK,0,7,7
Aaron Rodgers,2008,GB,6,10,16
Aaron Rodgers,2009,GB,11,6,17
Aaron Rodgers,2010,GB,14,5,19
Aaron Rodgers,2011,GB,14,2,16
Aaron Rodgers,2012,GB,12,6,18
Aaron Rodgers,2013,GB,6,4,10
Aaron Rodgers,2014,GB,13,5,18
Aaron Rodgers,2015,GB,11,7,18
Aaron Rodgers,2016,GB,12,7,19
Aaron Rodgers,2017,GB,4,3,7
Aaron Rodgers,2018,GB,7,9,16
Aaron Rodgers,2019,GB,14,4,18
Aaron Rodgers,2020,GB,14,4,18
Aaron Rodgers,2021,GB,13,4,17
Aaron Rodgers,2022,GB,8,9,17
Aaron Rodgers,2023,NYJ,1,0,1
Aaron Rodgers,2024,NYJ,5,12,17
Aaron Rodgers,2025,PIT,10,7,17
Aidan O'Connell,2023,LV,5,5,10
Aidan O'Connell,2024,LV,2,5,7
Akili Smith,2000,CIN,2,9,11
Akili Smith,2001,CIN,0,1,1
Akili Smith,2002,CIN,0,1,1
Alex Smith,2005,SF,2,5,7
Alex Smith,2006,SF,7,9,16
Alex Smith,2007,SF,2,5,7
Alex Smith,2009,SF,5,5,10
Alex Smith,2010,SF,3,7,10
Alex Smith,2011,SF,14,4,18
Alex Smith,2012,SF,7,3,10
Alex Smith,2013,KC,11,5,16
Alex Smith,2014,KC,8,7,15
Alex Smith,2015,KC,12,6,18
Alex Smith,2016,KC,11,5,16
Alex Smith,2017,KC,9,7,16
Alex Smith,2018,WAS,6,4,10
Alex Smith,2020,WAS,5,1,6
Alex Van Pelt,2001,BUF,2,5,7
Andrew Luck,2012,IND,11,6,17
Andrew Luck,2013,IND,12,6,18
Andrew Luck,2014,IND,13,6,19
Andrew Luck,2015,IND,2,5,7
Andrew Luck,2016,IND,8,7,15
Andrew Luck,2018,IND,11,7,18
Andrew Walter,2006,OAK,2,7,9
Andrew Walter,2008,OAK,0,1,1
Andy Dalton,2011,CIN,9,8,17
Andy Dalton,2012,CIN,10,7,17
Andy Dalton,2013,CIN,11,6,17
Andy Dalton,2014,CIN,11,7,18
Andy Dalton,2015,CIN,10,3,13
Andy Dalton,2016,CIN,7,10,17
Andy Dalton,2017,CIN,7,9,16
Andy Dalton,2018,CIN,5,6,11
Andy Dalton,2019,CIN,2,11,13
Andy Dalton,2020,DAL,4,5,9
Andy Dalton,2021,CHI,3,3,6
Andy Dalton,2022,NO,5,8,13
Andy Dalton,2023,CAR,0,1,1
Andy Dalton,2024,CAR,2,7,9
Anthony Brown,2022,BAL,0,1,1
Anthony Richardson,2023,IND,2,2,4
Anthony Richardson,2024,IND,3,3,6
Anthony Wright,2000,DAL,0,2,2
Anthony Wright,2001,DAL,1,2,3
Anthony Wright,2003,BAL,5,3,8
Anthony Wright,2005,BAL,2,5,7
Austin Davis,2014,STL,3,5,8
Austin Davis,2015,CLE,0,2,2
Bailey Zappe,2022,NE,2,0,2
Bailey Zappe,2023,NE,2,4,6
Bailey Zappe,2024,CLE,0,1,1
Baker Mayfield,2018,CLE,6,7,13
Baker Mayfield,2019,CLE,6,10,16
Baker Mayfield,2020,CLE,12,6,18
Baker Mayfield,2021,CLE,6,8,14
Baker Mayfield,2022,CAR,1,4,5
Baker Mayfield,2022,LA,2,3,5
Baker Mayfield,2023,TB,10,9,19
Baker Mayfield,2024,TB,10,8,18
Baker Mayfield,2025,TB,8,9,17
Ben DiNucci,2020,DAL,0,1,1
Ben Roethlisberger,2004,PIT,14,1,15
Ben Roethlisberger,2005,PIT,13,3,16
Ben Roethlisberger,2006,PIT,7,8,15
Ben Roethlisberger,2007,PIT,10,6,16
Ben Roethlisberger,2008,PIT,15,4,19
Ben Roethlisberger,2009,PIT,9,6,15
Ben Roethlisberger,2010,PIT,11,4,15
Ben Roethlisberger,2011,PIT,11,5,16
Ben Roethlisberger,2012,PIT,7,6,13
Ben Roethlisberger,2013,PIT,8,8,16
Ben Roethlisberger,2014,PIT,11,6,17
Ben Roethlisberger,2015,PIT,8,5,13
Ben Roethlisberger,2016,PIT,12,5,17
Ben Roethlisberger,2017,PIT,12,4,16
Ben Roethlisberger,2018,PIT,9,6,15
Ben Roethlisberger,2019,PIT,0,2,2
Ben Roethlisberger,2020,PIT,12,4,16
Ben Roethlisberger,2021,PIT,9,8,17
Billy Volek,2003,TEN,1,0,1
Billy Volek,2004,TEN,2,6,8
Billy Volek,2005,TEN,0,1,1
Billy Volek,2009,SD,1,0,1
Blaine Gabbert,2011,JAX,4,10,14
Blaine Gabbert,2012,JAX,1,9,10
Blaine Gabbert,2013,JAX,0,3,3
Blaine Gabbert,2015,SF,3,5,8
Blaine Gabbert,2016,SF,1,4,5
Blaine Gabbert,2017,ARI,2,3,5
Blaine Gabbert,2018,TEN,2,1,3
Blaine Gabbert,2022,TB,0,1,1
Blaine Gabbert,2023,KC,1,0,1
Blake Bortles,2014,JAX,3,10,13
Blake Bortles,2015,JAX,5,11,16
Blake Bortles,2016,JAX,3,13,16
Blake Bortles,2017,JAX,12,7,19
Blake Bortles,2018,JAX,3,9,12
Bo Nix,2024,DEN,10,8,18
Bo Nix,2025,DEN,15,3,18
Brad Johnson,2000,WAS,7,4,11
Brad Johnson,2001,TB,9,7,16
Brad Johnson,2002,TB,13,3,16
Brad Johnson,2003,TB,7,9,16
Brad Johnson,2004,TB,0,4,4
Brad Johnson,2005,MIN,7,2,9
Brad Johnson,2006,MIN,6,8,14
Brad Johnson,2008,DAL,1,2,3
Brady Cook,2025,NYJ,0,2,2
Brady Quinn,2008,CLE,1,2,3
Brady Quinn,2009,CLE,2,7,9
Brady Quinn,2012,KC,1,7,8
Brandon Allen,2019,DEN,1,2,3
Brandon Allen,2020,CIN,1,4,5
Brandon Allen,2021,CIN,0,1,1
Brandon Allen,2024,SF,0,1,1
Brandon Weeden,2012,CLE,5,10,15
Brandon Weeden,2013,CLE,0,5,5
Brandon Weeden,2014,DAL,0,1,1
Brandon Weeden,2015,DAL,0,3,3
Brandon Weeden,2015,HOU,1,0,1
Brett Favre,2000,GB,9,7,16
Brett Favre,2001,GB,13,5,18
Brett Favre,2002,GB,12,5,17
Brett Favre,2003,GB,11,7,18
Brett Favre,2004,GB,10,7,17
Brett Favre,2005,GB,4,12,16
Brett Favre,2006,GB,8,8,16
Brett Favre,2007,GB,14,4,18
Brett Favre,2008,NYJ,9,7,16
Brett Favre,2009,MIN,13,5,18
Brett Favre,2010,MIN,5,8,13
Brett Hundley,2017,GB,3,6,9
Brett Rypien,2020,DEN,1,0,1
Brett Rypien,2022,DEN,1,1,2
Brett Rypien,2023,LA,0,1,1
Brian Brohm,2009,BUF,0,1,1
Brian Brohm,2010,BUF,0,1,1
Brian Griese,2000,DEN,6,3,9
Brian Griese,2001,DEN,8,7,15
Brian Griese,2002,DEN,8,5,13
Brian Griese,2003,MIA,3,2,5
Brian Griese,2004,TB,4,6,10
Brian Griese,2005,TB,5,1,6
Brian Griese,2007,CHI,3,3,6
Brian Griese,2008,TB,3,2,5
Brian Hoyer,2012,ARI,0,1,1
Brian Hoyer,2013,CLE,3,0,3
Brian Hoyer,2014,CLE,7,6,13
Brian Hoyer,2015,HOU,5,5,10
Brian Hoyer,2016,CHI,1,4,5
Brian Hoyer,2017,SF,0,6,6
Brian Hoyer,2019,IND,0,1,1
Brian Hoyer,2020,NE,0,1,1
Brian Hoyer,2022,NE,0,1,1
Brian Hoyer,2023,LV,0,1,1
Brian St. Pierre,2010,CAR,0,1,1
Brock Berlin,2007,STL,0,1,1
Brock Huard,2000,SEA,0,4,4
Brock Osweiler,2015,DEN,5,2,7
Brock Osweiler,2016,HOU,9,8,17
Brock Osweiler,2017,DEN,0,4,4
Brock Osweiler,2018,MIA,2,3,5
Brock Purdy,2022,SF,7,1,8
Brock Purdy,2023,SF,14,5,19
Brock Purdy,2024,SF,6,9,15
Brock Purdy,2025,SF,8,3,11
Brodie Croyle,2007,KC,0,6,6
Brodie Croyle,2008,KC,0,2,2
Brodie Croyle,2009,KC,0,1,1
Brodie Croyle,2010,KC,0,1,1
Brooks Bollinger,2005,NYJ,2,7,9
Brooks Bollinger,2007,MIN,0,1,1
Bruce Gradkowski,2006,TB,3,8,11
Bruce Gradkowski,2008,CLE,0,1,1
Bruce Gradkowski,2009,OAK,2,2,4
Bruce Gradkowski,2010,OAK,1,3,4
Bryce Perkins,2022,LA,0,1,1
Bryce Petty,2016,NYJ,1,3,4
Bryce Petty,2017,NYJ,0,3,3
Bryce Young,2023,CAR,2,14,16
Bryce Young,2024,CAR,3,5,8
Bryce Young,2025,CAR,8,10,18
Bubby Brewster,2000,MIN,0,1,1
Byron Leftwich,2003,JAX,5,8,13
Byron Leftwich,2004,JAX,8,6,14
Byron Leftwich,2005,JAX,8,4,12
Byron Leftwich,2006,JAX,3,3,6
Byron Leftwich,2007,ATL,0,2,2
Byron Leftwich,2009,TB,0,3,3
Byron Leftwich,2012,PIT,0,1,1
C.J. Beathard,2017,SF,1,4,5
C.J. Beathard,2018,SF,0,5,5
C.J. Beathard,2020,SF,1,1,2
C.J. Beathard,2023,JAX,1,0,1
C.J. Stroud,2023,HOU,10,7,17
C.J. Stroud,2024,HOU,10,8,18
C.J. Stroud,2025,HOU,10,6,16
Cade McNown,2000,CHI,1,8,9
Caleb Hanie,2011,CHI,0,4,4
Caleb Williams,2024,CHI,5,12,17
Caleb Williams,2025,CHI,12,7,19
Cam Newton,2011,CAR,6,10,16
Cam Newton,2012,CAR,7,9,16
Cam Newton,2013,CAR,12,5,17
Cam Newton,2014,CAR,6,9,15
Cam Newton,2015,CAR,17,2,19
Cam Newton,2016,CAR,6,9,15
Cam Newton,2017,CAR,11,6,17
Cam Newton,2018,CAR,6,8,14
Cam Newton,2019,CAR,1,3,4
Cam Newton,2020,NE,7,8,15
Cam Newton,2021,CAR,0,4,4
Cam Ward,2025,TEN,3,14,17
Carson Palmer,2004,CIN,6,7,13
Carson Palmer,2005,CIN,11,4,15
Carson Palmer,2006,CIN,8,8,16
Carson Palmer,2007,CIN,7,9,16
Carson Palmer,2008,CIN,0,4,4
Carson Palmer,2009,CIN,10,7,17
Carson Palmer,2010,CIN,4,12,16
Carson Palmer,2011,OAK,4,5,9
Carson Palmer,2012,OAK,4,11,15
Carson Palmer,2013,ARI,10,6,16
Carson Palmer,2014,ARI,6,0,6
Carson Palmer,2015,ARI,14,4,18
Carson Palmer,2016,ARI,7,9,16
Carson Palmer,2017,ARI,3,4,7
Carson Wentz,2016,PHI,7,9,16
Carson Wentz,2017,PHI,11,2,13
Carson Wentz,2018,PHI,5,6,11
Carson Wentz,2019,PHI,9,8,17
Carson Wentz,2020,PHI,4,9,13
Carson Wentz,2021,IND,9,8,17
Carson Wentz,2022,WAS,2,5,7
Carson Wentz,2023,LA,1,0,1
Carson Wentz,2024,KC,0,1,1
Carson Wentz,2025,MIN,2,3,5
Case Keenum,2013,HOU,0,8,8
Case Keenum,2014,HOU,2,0,2
Case Keenum,2015,STL,3,2,5
Case Keenum,2016,LA,4,5,9
Case Keenum,2017,MIN,12,4,16
Case Keenum,2018,DEN,6,10,16
Case Keenum,2019,WAS,1,7,8
Case Keenum,2021,CLE,2,0,2
Case Keenum,2023,HOU,1,1,2
Chad Henne,2009,MIA,7,6,13
Chad Henne,2010,MIA,6,8,14
Chad Henne,2011,MIA,0,4,4
Chad Henne,2012,JAX,1,5,6
Chad Henne,2013,JAX,4,9,13
Chad Henne,2014,JAX,0,3,3
Chad Henne,2020,KC,0,1,1
Chad Hutchinson,2002,DAL,2,7,9
Chad Hutchinson,2004,CHI,1,4,5
Chad Pennington,2002,NYJ,9,5,14
Chad Pennington,2003,NYJ,4,5,9
Chad Pennington,2004,NYJ,9,6,15
Chad Pennington,2005,NYJ,1,2,3
Chad Pennington,2006,NYJ,10,7,17
Chad Pennington,2007,NYJ,1,8,9
Chad Pennington,2008,MIA,11,6,17
Chad Pennington,2009,MIA,0,3,3
Chad Pennington,2010,MIA,1,0,1
Charlie Batch,2000,DET,8,6,14
Charlie Batch,2001,DET,0,9,9
Charlie Batch,2005,PIT,2,0,2
Charlie Batch,2006,PIT,1,0,1
Charlie Batch,2007,PIT,0,1,1
Charlie Batch,2010,PIT,1,1,2
Charlie Batch,2011,PIT,1,0,1
Charlie Batch,2012,PIT,1,1,2
Charlie Frye,2005,CLE,2,3,5
Charlie Frye,2006,CLE,4,9,13
Charlie Frye,2007,CLE,0,1,1
Charlie Frye,2008,SEA,0,1,1
Charlie Frye,2009,OAK,1,2,3
Charlie Whitehurst,2010,SEA,1,1,2
Charlie Whitehurst,2011,SEA,0,2,2
Charlie Whitehurst,2014,TEN,1,4,5
Chase Daniel,2013,KC,0,1,1
Chase Daniel,2014,KC,1,0,1
Chase Daniel,2018,CHI,1,1,2
Chase Daniel,2019,CHI,0,1,1
Chris Chandler,2000,ATL,4,9,13
Chris Chandler,2001,ATL,6,8,14
Chris Chandler,2002,CHI,2,5,7
Chris Chandler,2003,CHI,3,3,6
Chris Chandler,2004,STL,0,2,2
Chris Oladokun,2025,KC,0,2,2
Chris Redman,2002,BAL,3,3,6
Chris Redman,2007,ATL,1,3,4
Chris Redman,2009,ATL,0,2,2
Chris Simms,2004,TB,1,1,2
Chris Simms,2005,TB,6,5,11
Chris Simms,2006,TB,0,3,3
Chris Simms,2009,DEN,0,1,1
Chris Weinke,2001,CAR,1,14,15
Chris Weinke,2002,CAR,0,1,1
Chris Weinke,2006,CAR,1,2,3
Chris Weinke,2007,SF,0,1,1
Christian Ponder,2011,MIN,2,7,9
Christian Ponder,2012,MIN,10,6,16
Christian Ponder,2013,MIN,2,6,8
Christian Ponder,2014,MIN,0,1,1
Clayton Tune,2023,ARI,0,1,1
Clayton Tune,2025,GB,0,1,1
Cleo Lemon,2006,MIA,0,1,1
Cleo Lemon,2007,MIA,1,6,7
Clint Stoerner,2001,DAL,1,1,2
Cody Kessler,2016,CLE,0,8,8
Cody Kessler,2018,JAX,2,2,4
Cody Pickett,2005,SF,0,2,2
Colin Kaepernick,2012,SF,7,3,10
Colin Kaepernick,2013,SF,14,5,19
Colin Kaepernick,2014,SF,8,8,16
Colin Kaepernick,2015,SF,2,6,8
Colin Kaepernick,2016,SF,1,10,11
Colt McCoy,2010,CLE,2,6,8
Colt McCoy,2011,CLE,4,9,13
Colt McCoy,2014,WAS,1,3,4
Colt McCoy,2018,WAS,0,2,2
Colt McCoy,2019,WAS,0,1,1
Colt McCoy,2020,NYG,1,1,2
Colt McCoy,2021,ARI,2,1,3
Colt McCoy,2022,ARI,1,2,3
Connor Cook,2016,OAK,0,1,1
Connor Shaw,2014,CLE,0,1,1
Cooper Rush,2021,DAL,1,0,1
Cooper Rush,2022,DAL,4,1,5
Cooper Rush,2024,DAL,4,4,8
Cooper Rush,2025,BAL,0,2,2
Craig Krenzel,2004,CHI,3,2,5
Curtis Painter,2011,IND,0,8,8
Dak Prescott,2016,DAL,13,3,16
Dak Prescott,2017,DAL,9,7,16
Dak Prescott,2018,DAL,11,7,18
Dak Prescott,2019,DAL,8,8,16
Dak Prescott,2020,DAL,2,3,5
Dak Prescott,2021,DAL,11,6,17
Dak Prescott,2022,DAL,9,5,14
Dak Prescott,2023,DAL,12,6,18
Dak Prescott,2024,DAL,3,5,8
Dak Prescott,2025,DAL,8,10,18
Damon Huard,2000,MIA,1,1,2
Damon Huard,2006,KC,5,3,8
Damon Huard,2007,KC,4,6,10
Damon Huard,2008,KC,1,2,3
Dan Orlovsky,2008,DET,0,7,7
Dan Orlovsky,2011,IND,2,3,5
Daniel Jones,2019,NYG,3,9,12
Daniel Jones,2020,NYG,5,9,14
Daniel Jones,2021,NYG,4,7,11
Daniel Jones,2022,NYG,11,8,19
Daniel Jones,2023,NYG,1,5,6
Daniel Jones,2024,NYG,2,8,10
Daniel Jones,2025,IND,8,5,13
Danny Kanell,2000,ATL,0,1,1
Danny Kanell,2003,DEN,0,3,3
Danny Wuerffel,2002,WAS,2,2,4
Daunte Culpepper,2000,MIN,12,5,17
Daunte Culpepper,2001,MIN,4,7,11
Daunte Culpepper,2002,MIN,6,10,16
Daunte Culpepper,2003,MIN,7,7,14
Daunte Culpepper,2004,MIN,9,9,18
Daunte Culpepper,2005,MIN,2,5,7
Daunte Culpepper,2006,MIA,1,3,4
Daunte Culpepper,2007,OAK,2,4,6
Daunte Culpepper,2008,DET,0,5,5
Daunte Culpepper,2009,DET,0,5,5
Dave Brown,2000,ARI,0,2,2
Dave Ragone,2003,HOU,0,2,2
David Blough,2019,DET,0,5,5
David Blough,2022,ARI,0,2,2
David Carr,2002,HOU,4,12,16
David Carr,2003,HOU,3,8,11
David Carr,2004,HOU,7,9,16
David Carr,2005,HOU,2,13,15
David Carr,2006,HOU,6,10,16
David Carr,2007,CAR,1,3,4
David Garrard,2002,JAX,0,1,1
David Garrard,2004,JAX,1,1,2
David Garrard,2005,JAX,4,1,5
David Garrard,2006,JAX,5,4,9
David Garrard,2007,JAX,10,4,14
David Garrard,2008,JAX,5,11,16
David Garrard,2009,JAX,7,9,16
David Garrard,2010,JAX,8,6,14
Davis Mills,2021,HOU,2,9,11
Davis Mills,2022,HOU,4,12,16
Davis Mills,2024,HOU,1,0,1
Davis Mills,2025,HOU,3,0,3
Davis Webb,2022,NYG,0,1,1
DeShone Kizer,2017,CLE,0,15,15
DeShone Kizer,2018,GB,0,1,1
Dennis Dixon,2009,PIT,0,1,1
Dennis Dixon,2010,PIT,2,0,2
Derek Anderson,2006,CLE,0,3,3
Derek Anderson,2007,CLE,10,5,15
Derek Anderson,2008,CLE,3,6,9
Derek Anderson,2009,CLE,3,4,7
Derek Anderson,2010,ARI,2,7,9
Derek Anderson,2014,CAR,2,0,2
Derek Anderson,2016,CAR,0,1,1
Derek Anderson,2018,BUF,0,2,2
Derek Carr,2014,OAK,3,13,16
Derek Carr,2015,OAK,7,9,16
Derek Carr,2016,OAK,12,3,15
Derek Carr,2017,OAK,6,9,15
Derek Carr,2018,OAK,4,12,16
Derek Carr,2019,OAK,7,9,16
Derek Carr,2020,LV,8,8,16
Derek Carr,2021,LV,10,8,18
Derek Carr,2022,LV,6,9,15
Derek Carr,2023,NO,9,8,17
Derek Carr,2024,NO,5,5,10
Deshaun Watson,2017,HOU,3,3,6
Deshaun Watson,2018,HOU,11,6,17
Deshaun Watson,2019,HOU,11,6,17
Deshaun Watson,2020,HOU,4,12,16
Deshaun Watson,2022,CLE,3,3,6
Deshaun Watson,2023,CLE,5,1,6
Deshaun Watson,2024,CLE,1,6,7
Desmond Ridder,2022,ATL,2,2,4
Desmond Ridder,2023,ATL,6,7,13
Devlin Hodges,2019,PIT,3,3,6
Dillon Gabriel,2025,CLE,1,5,6
Donovan McNabb,2000,PHI,12,6,18
Donovan McNabb,2001,PHI,12,6,18
Donovan McNabb,2002,PHI,8,4,12
Donovan McNabb,2003,PHI,13,5,18
Donovan McNabb,2004,PHI,15,3,18
Donovan McNabb,2005,PHI,4,5,9
Donovan McNabb,2006,PHI,5,5,10
Donovan McNabb,2007,PHI,8,6,14
Donovan McNabb,2008,PHI,11,7,18
Donovan McNabb,2009,PHI,10,5,15
Donovan McNabb,2010,WAS,5,8,13
Donovan McNabb,2011,MIN,1,5,6
Dorian Thompson-Robinson,2023,CLE,1,2,3
Doug Flutie,2000,BUF,4,1,5
Doug Flutie,2001,SD,5,11,16
Doug Flutie,2003,SD,2,3,5
Doug Flutie,2004,SD,1,0,1
Doug Johnson,2000,ATL,0,2,2
Doug Johnson,2002,ATL,1,0,1
Doug Johnson,2003,ATL,1,7,8
Doug Pederson,2000,CLE,1,7,8
Drake Maye,2024,NE,2,9,11
Drake Maye,2025,NE,17,4,21
Drew Bledsoe,2000,NE,5,11,16
Drew Bledsoe,2001,NE,0,2,2
Drew Bledsoe,2002,BUF,8,8,16
Drew Bledsoe,2003,BUF,6,10,16
Drew Bledsoe,2004,BUF,9,7,16
Drew Bledsoe,2005,DAL,9,7,16
Drew Bledsoe,2006,DAL,3,3,6
Drew Brees,2002,SD,8,8,16
Drew Brees,2003,SD,2,9,11
Drew Brees,2004,SD,11,5,16
Drew Brees,2005,SD,9,6,15
Drew Brees,2006,NO,11,6,17
Drew Brees,2007,NO,7,9,16
Drew Brees,2008,NO,8,8,16
Drew Brees,2009,NO,16,2,18
Drew Brees,2010,NO,11,6,17
Drew Brees,2011,NO,14,4,18
Drew Brees,2012,NO,7,9,16
Drew Brees,2013,NO,12,6,18
Drew Brees,2014,NO,7,9,16
Drew Brees,2015,NO,7,8,15
Drew Brees,2016,NO,7,9,16
Drew Brees,2017,NO,12,6,18
Drew Brees,2018,NO,14,3,17
Drew Brees,2019,NO,8,4,12
Drew Brees,2020,NO,10,4,14
Drew Henson,2004,DAL,1,0,1
Drew Lock,2019,DEN,4,1,5
Drew Lock,2020,DEN,4,9,13
Drew Lock,2021,DEN,0,3,3
Drew Lock,2023,SEA,1,1,2
Drew Lock,2024,NYG,0,2,2
Drew Stanton,2009,DET,0,1,1
Drew Stanton,2010,DET,2,1,3
Drew Stanton,2014,ARI,5,3,8
Drew Stanton,2016,ARI,1,0,1
Drew Stanton,2017,ARI,3,1,4
Dwayne Haskins,2019,WAS,2,5,7
Dwayne Haskins,2020,WAS,1,5,6
EJ Manuel,2013,BUF,4,6,10
EJ Manuel,2014,BUF,2,2,4
EJ Manuel,2015,BUF,0,2,2
EJ Manuel,2016,BUF,0,1,1
EJ Manuel,2017,OAK,0,1,1
Easton Stick,2023,LAC,0,4,4
Eli Manning,2004,NYG,1,6,7
Eli Manning,2005,NYG,11,6,17
Eli Manning,2006,NYG,8,9,17
Eli Manning,2007,NYG,14,6,20
Eli Manning,2008,NYG,12,5,17
Eli Manning,2009,NYG,8,8,16
Eli Manning,2010,NYG,10,6,16
Eli Manning,2011,NYG,13,7,20
Eli Manning,2012,NYG,9,7,16
Eli Manning,2013,NYG,7,9,16
Eli Manning,2014,NYG,6,10,16
Eli Manning,2015,NYG,6,10,16
Eli Manning,2016,NYG,11,6,17
Eli Manning,2017,NYG,3,12,15
Eli Manning,2018,NYG,5,11,16
Eli Manning,2019,NYG,1,3,4
Elvis Grbac,2000,KC,7,8,15
Elvis Grbac,2001,BAL,9,7,16
Gardner Minshew,2019,JAX,6,6,12
Gardner Minshew,2020,JAX,1,2,3
Gardner Minshew,2021,PHI,1,1,2
Gardner Minshew,2022,PHI,0,2,2
Gardner Minshew,2023,IND,7,6,13
Gardner Minshew,2024,LV,2,8,10
Gardner Minshew,2025,KC,0,1,1
Gardner Minshew II,2020,JAX,0,5,5
Garrett Gilbert,2020,DAL,0,1,1
Garrett Gilbert,2021,WAS,0,1,1
Geno Smith,2013,NYJ,8,8,16
Geno Smith,2014,NYJ,3,10,13
Geno Smith,2016,NYJ,1,0,1
Geno Smith,2017,NYG,0,1,1
Geno Smith,2021,SEA,1,2,3
Geno Smith,2022,SEA,9,9,18
Geno Smith,2023,SEA,8,7,15
Geno Smith,2024,SEA,10,7,17
Geno Smith,2025,LV,2,13,15
Greg McElroy,2012,NYJ,0,1,1
Gus Frerotte,2000,DEN,5,3,8
Gus Frerotte,2001,DEN,0,1,1
Gus Frerotte,2002,CIN,0,3,3
Gus Frerotte,2003,MIN,2,0,2
Gus Frerotte,2005,MIA,9,6,15
Gus Frerotte,2007,STL,1,2,3
Gus Frerotte,2008,MIN,8,3,11
Henry Burris,2002,CHI,0,1,1
Ian Book,2021,NO,0,1,1
J.J. McCarthy,2025,MIN,6,4,10
J.P. Losman,2005,BUF,1,7,8
J.P. Losman,2006,BUF,7,9,16
J.P. Losman,2007,BUF,2,5,7
J.P. Losman,2008,BUF,0,2,2
J.T. O'Sullivan,2008,SF,2,6,8
JaMarcus Russell,2007,OAK,0,1,1
JaMarcus Russell,2008,OAK,5,10,15
JaMarcus Russell,2009,OAK,2,7,9
Jacoby Brissett,2016,NE,1,1,2
Jacoby Brissett,2017,IND,4,11,15
Jacoby Brissett,2019,IND,7,8,15
Jacoby Brissett,2021,MIA,2,3,5
Jacoby Brissett,2022,CLE,4,7,11
Jacoby Brissett,2024,NE,1,4,5
Jacoby Brissett,2025,ARI,1,11,12
Jake Browning,2023,CIN,4,3,7
Jake Browning,2025,CIN,0,3,3
Jake Delhomme,2003,CAR,13,6,19
Jake Delhomme,2004,CAR,7,9,16
Jake Delhomme,2005,CAR,13,6,19
Jake Delhomme,2006,CAR,7,6,13
Jake Delhomme,2007,CAR,2,1,3
Jake Delhomme,2008,CAR,12,5,17
Jake Delhomme,2009,CAR,4,7,11
Jake Delhomme,2010,CLE,2,2,4
Jake Delhomme,2011,HOU,0,1,1
Jake Fromm,2021,NYG,0,2,2
Jake Haener,2024,NO,0,3,3
Jake Locker,2012,TEN,4,7,11
Jake Locker,2013,TEN,4,3,7
Jake Locker,2014,TEN,1,4,5
Jake Luton,2020,JAX,0,3,3
Jake Plummer,2000,ARI,3,11,14
Jake Plummer,2001,ARI,7,9,16
Jake Plummer,2002,ARI,5,11,16
Jake Plummer,2003,DEN,9,3,12
Jake Plummer,2004,DEN,10,7,17
Jake Plummer,2005,DEN,14,4,18
Jake Plummer,2006,DEN,7,4,11
Jalen Hurts,2020,PHI,1,3,4
Jalen Hurts,2021,PHI,8,8,16
Jalen Hurts,2022,PHI,16,2,18
Jalen Hurts,2023,PHI,11,7,18
Jalen Hurts,2024,PHI,17,3,20
Jalen Hurts,2025,PHI,11,6,17
Jameis Winston,2015,TB,6,10,16
Jameis Winston,2016,TB,9,7,16
Jameis Winston,2017,TB,3,10,13
Jameis Winston,2018,TB,3,6,9
Jameis Winston,2019,TB,7,9,16
Jameis Winston,2021,NO,5,2,7
Jameis Winston,2022,NO,2,2,4
Jameis Winston,2024,CLE,2,7,9
Jameis Winston,2025,NYG,0,2,2
Jamie Martin,2002,STL,1,2,3
Jamie Martin,2005,STL,4,1,5
Jamie Martin,2006,NO,0,1,1
Jared Goff,2016,LA,0,7,7
Jared Goff,2017,LA,11,5,16
Jared Goff,2018,LA,15,4,19
Jared Goff,2019,LA,9,7,16
Jared Goff,2020,LA,9,7,16
Jared Goff,2021,DET,3,10,13
Jared Goff,2022,DET,9,8,17
Jared Goff,2023,DET,14,6,20
Jared Goff,2024,DET,15,3,18
Jared Goff,2025,DET,9,8,17
Jaren Hall,2023,MIN,1,1,2
Jarrett Stidham,2022,LV,0,2,2
Jarrett Stidham,2023,DEN,1,1,2
Jarrett Stidham,2025,DEN,0,1,1
Jason Campbell,2006,WAS,2,5,7
Jason Campbell,2007,WAS,6,7,13
Jason Campbell,2008,WAS,8,8,16
Jason Campbell,2009,WAS,4,12,16
Jason Campbell,2010,OAK,7,5,12
Jason Campbell,2011,OAK,4,2,6
Jason Campbell,2012,CHI,0,1,1
Jason Campbell,2013,CLE,1,7,8
Jaxson Dart,2025,NYG,4,8,12
Jay Cutler,2006,DEN,2,3,5
Jay Cutler,2007,DEN,7,9,16
Jay Cutler,2008,DEN,8,8,16
Jay Cutler,2009,CHI,7,9,16
Jay Cutler,2010,CHI,11,6,17
Jay Cutler,2011,CHI,7,3,10
Jay Cutler,2012,CHI,10,5,15
Jay Cutler,2013,CHI,5,6,11
Jay Cutler,2014,CHI,5,10,15
Jay Cutler,2015,CHI,6,9,15
Jay Cutler,2016,CHI,1,4,5
Jay Cutler,2017,MIA,6,8,14
Jay Fiedler,2000,MIA,11,5,16
Jay Fiedler,2001,MIA,11,6,17
Jay Fiedler,2002,MIA,7,3,10
Jay Fiedler,2003,MIA,7,4,11
Jay Fiedler,2004,MIA,1,6,7
Jayden Daniels,2024,WAS,12,3,15
Jayden Daniels,2025,WAS,2,6,8
Jeff Blake,2000,NO,7,4,11
Jeff Blake,2002,BAL,4,6,10
Jeff Blake,2003,ARI,3,10,13
Jeff Driskel,2018,CIN,1,4,5
Jeff Driskel,2019,DET,0,3,3
Jeff Driskel,2020,DEN,0,1,1
Jeff Driskel,2023,CLE,0,1,1
Jeff Garcia,2000,SF,6,10,16
Jeff Garcia,2001,SF,12,5,17
Jeff Garcia,2002,SF,11,6,17
Jeff Garcia,2003,SF,5,8,13
Jeff Garcia,2004,CLE,3,7,10
Jeff Garcia,2005,DET,1,4,5
Jeff Garcia,2006,PHI,5,2,7
Jeff Garcia,2007,TB,8,6,14
Jeff Garcia,2008,TB,6,5,11
Jeff George,2000,WAS,1,4,5
Jeff George,2001,WAS,0,2,2
Jeff Tuel,2013,BUF,0,1,1
Jesse Palmer,2003,NYG,0,3,3
Jim Harbaugh,2000,SD,0,5,5
Jim Miller,2000,CHI,1,1,2
Jim Miller,2001,CHI,11,3,14
Jim Miller,2002,CHI,2,6,8
Jim Sorgi,2004,IND,0,1,1
Jim Sorgi,2005,IND,1,0,1
Jim Sorgi,2007,IND,0,1,1
Jim Sorgi,2008,IND,1,0,1
Jimmy Clausen,2010,CAR,1,9,10
Jimmy Clausen,2014,CHI,0,1,1
Jimmy Clausen,2015,BAL,0,2,2
Jimmy Clausen,2015,CHI,0,1,1
Jimmy Garoppolo,2014,NE,0,1,1
Jimmy Garoppolo,2016,NE,2,0,2
Jimmy Garoppolo,2017,SF,5,0,5
Jimmy Garoppolo,2018,SF,1,2,3
Jimmy Garoppolo,2019,SF,15,4,19
Jimmy Garoppolo,2020,SF,3,3,6
Jimmy Garoppolo,2021,SF,11,7,18
Jimmy Garoppolo,2022,SF,7,3,10
Jimmy Garoppolo,2023,LV,3,3,6
Jimmy Garoppolo,2024,LA,0,1,1
Joe Burrow,2020,CIN,2,7,9
Joe Burrow,2021,CIN,13,7,20
Joe Burrow,2022,CIN,14,5,19
Joe Burrow,2023,CIN,5,5,10
Joe Burrow,2024,CIN,9,8,17
Joe Burrow,2025,CIN,5,3,8
Joe Flacco,2008,BAL,13,6,19
Joe Flacco,2009,BAL,10,8,18
Joe Flacco,2010,BAL,13,5,18
Joe Flacco,2011,BAL,13,5,18
Joe Flacco,2012,BAL,14,5,19
Joe Flacco,2013,BAL,8,8,16
Joe Flacco,2014,BAL,11,7,18
Joe Flacco,2015,BAL,3,7,10
Joe Flacco,2016,BAL,8,8,16
Joe Flacco,2017,BAL,9,7,16
Joe Flacco,2018,BAL,4,5,9
Joe Flacco,2019,DEN,2,6,8
Joe Flacco,2020,NYJ,0,4,4
Joe Flacco,2021,NYJ,0,1,1
Joe Flacco,2022,NYJ,1,3,4
Joe Flacco,2023,CLE,4,2,6
Joe Flacco,2024,IND,5,6,11
Joe Flacco,2025,CIN,1,5,6
Joe Flacco,2025,CLE,1,3,4
Joe Milton III,2024,NE,1,0,1
Joe Webb,2010,MIN,1,1,2
Joe Webb,2011,MIN,0,1,1
Joe Webb,2012,MIN,0,1,1
Joey Harrington,2002,DET,3,9,12
Joey Harrington,2003,DET,5,11,16
Joey Harrington,2004,DET,6,10,16
Joey Harrington,2005,DET,4,7,11
Joey Harrington,2006,MIA,5,6,11
Joey Harrington,2007,ATL,3,7,10
John Beck,2007,MIA,0,4,4
John Beck,2011,WAS,0,3,3
John Navarre,2004,ARI,0,1,1
John Skelton,2010,ARI,2,2,4
John Skelton,2011,ARI,5,2,7
John Skelton,2012,ARI,1,5,6
John Wolford,2020,LA,2,0,2
John Wolford,2022,LA,0,2,2
Johnny Manziel,2014,CLE,0,2,2
Johnny Manziel,2015,CLE,2,4,6
Jon Kitna,2000,SEA,6,6,12
Jon Kitna,2001,CIN,6,9,15
Jon Kitna,2002,CIN,2,10,12
Jon Kitna,2003,CIN,8,8,16
Jon Kitna,2004,CIN,2,1,3
Jon Kitna,2005,CIN,0,2,2
Jon Kitna,2006,DET,3,13,16
Jon Kitna,2007,DET,7,9,16
Jon Kitna,2008,DET,0,4,4
Jon Kitna,2010,DAL,4,5,9
Jonathan Quinn,2001,JAX,0,1,1
Jonathan Quinn,2004,CHI,0,3,3
Jordan Love,2021,GB,0,1,1
Jordan Love,2023,GB,10,9,19
Jordan Love,2024,GB,9,7,16
Jordan Love,2025,GB,9,6,15
Josh Allen,2018,BUF,5,6,11
Josh Allen,2019,BUF,10,6,16
Josh Allen,2020,BUF,15,4,19
Josh Allen,2021,BUF,12,7,19
Josh Allen,2022,BUF,14,4,18
Josh Allen,2023,BUF,12,7,19
Josh Allen,2024,BUF,15,4,19
Josh Allen,2025,BUF,12,6,18
Josh Freeman,2009,TB,3,6,9
Josh Freeman,2010,TB,10,6,16
Josh Freeman,2011,TB,4,11,15
Josh Freeman,2012,TB,7,9,16
Josh Freeman,2013,MIN,0,1,1
Josh Freeman,2013,TB,0,3,3
Josh Freeman,2015,IND,1,0,1
Josh Johnson,2009,TB,0,4,4
Josh Johnson,2011,TB,0,1,1
Josh Johnson,2018,WAS,1,2,3
Josh Johnson,2021,BAL,0,1,1
Josh Johnson,2025,WAS,1,1,2
Josh McCown,2003,ARI,1,2,3
Josh McCown,2004,ARI,6,7,13
Josh McCown,2005,ARI,3,3,6
Josh McCown,2007,OAK,2,7,9
Josh McCown,2011,CHI,1,1,2
Josh McCown,2013,CHI,3,2,5
Josh McCown,2014,TB,1,10,11
Josh McCown,2015,CLE,1,7,8
Josh McCown,2016,CLE,0,3,3
Josh McCown,2017,NYJ,5,8,13
Josh McCown,2018,NYJ,0,3,3
Josh Rosen,2018,ARI,3,10,13
Josh Rosen,2019,MIA,0,3,3
Joshua Dobbs,2022,TEN,0,2,2
Joshua Dobbs,2023,ARI,1,7,8
Joshua Dobbs,2023,MIN,2,2,4
Joshua Dobbs,2024,SF,0,1,1
Justin Fields,2021,CHI,2,8,10
Justin Fields,2022,CHI,3,12,15
Justin Fields,2023,CHI,5,8,13
Justin Fields,2024,PIT,4,2,6
Justin Fields,2025,NYJ,1,6,7
Justin Herbert,2020,LAC,6,9,15
Justin Herbert,2021,LAC,9,8,17
Justin Herbert,2022,LAC,10,7,17
Justin Herbert,2023,LAC,5,8,13
Justin Herbert,2024,LAC,11,7,18
Justin Herbert,2025,LAC,11,6,17
Justin Herbery,2022,LAC,0,1,1
Keith Null,2009,STL,0,4,4
Kellen Clemens,2007,NYJ,3,4,7
Kellen Clemens,2009,NYJ,1,0,1
Kellen Clemens,2011,STL,0,3,3
Kellen Clemens,2013,STL,4,5,9
Kellen Moore,2015,DAL,0,2,2
Kelly Holcomb,2002,CLE,2,2,4
Kelly Holcomb,2003,CLE,2,6,8
Kelly Holcomb,2004,CLE,1,1,2
Kelly Holcomb,2005,BUF,4,4,8
Kelly Holcomb,2007,MIN,0,3,3
Ken Dorsey,2004,SF,1,6,7
Ken Dorsey,2005,SF,1,2,3
Ken Dorsey,2008,CLE,0,3,3
Kendall Hinton,2020,DEN,0,1,1
Kenny Pickett,2022,PIT,8,5,13
Kenny Pickett,2023,PIT,7,5,12
Kenny Pickett,2025,LV,1,1,2
Kent Graham,2000,PIT,2,3,5
Kerry Collins,2000,NYG,14,5,19
Kerry Collins,2001,NYG,7,9,16
Kerry Collins,2002,NYG,10,7,17
Kerry Collins,2003,NYG,4,9,13
Kerry Collins,2004,OAK,3,10,13
Kerry Collins,2005,OAK,4,11,15
Kerry Collins,2006,TEN,0,3,3
Kerry Collins,2007,TEN,1,0,1
Kerry Collins,2008,TEN,12,3,15
Kerry Collins,2009,TEN,0,6,6
Kerry Collins,2010,TEN,2,5,7
Kerry Collins,2011,IND,0,3,3
Kevin Hogan,2017,CLE,0,1,1
Kevin Kolb,2009,PHI,1,1,2
Kevin Kolb,2010,PHI,2,3,5
Kevin Kolb,2011,ARI,3,6,9
Kevin Kolb,2012,ARI,3,2,5
Kirk Cousins,2012,WAS,1,0,1
Kirk Cousins,2013,WAS,0,3,3
Kirk Cousins,2014,WAS,1,4,5
Kirk Cousins,2015,WAS,9,8,17
Kirk Cousins,2016,WAS,8,7,15
Kirk Cousins,2017,WAS,7,9,16
Kirk Cousins,2018,MIN,8,7,15
Kirk Cousins,2019,MIN,11,6,17
Kirk Cousins,2020,MIN,7,9,16
Kirk Cousins,2021,MIN,8,8,16
Kirk Cousins,2022,MIN,13,5,18
Kirk Cousins,2023,MIN,4,4,8
Kirk Cousins,2024,ATL,7,7,14
Kirk Cousins,2025,ATL,5,3,8
Kordell Stewart,2000,PIT,7,4,11
Kordell Stewart,2001,PIT,14,4,18
Kordell Stewart,2002,PIT,3,2,5
Kordell Stewart,2003,CHI,2,6,8
Koy Detmer,2001,PHI,1,0,1
Koy Detmer,2002,PHI,1,0,1
Koy Detmer,2004,PHI,0,1,1
Kurt Kittner,2003,ATL,1,3,4
Kurt Warner,2000,STL,8,4,12
Kurt Warner,2001,STL,16,3,19
Kurt Warner,2002,STL,0,6,6
Kurt Warner,2003,STL,0,1,1
Kurt Warner,2004,NYG,5,4,9
Kurt Warner,2005,ARI,2,8,10
Kurt Warner,2006,ARI,1,4,5
Kurt Warner,2007,ARI,5,6,11
Kurt Warner,2008,ARI,12,8,20
Kurt Warner,2009,ARI,11,6,17
Kyle Allen,2018,CAR,1,0,1
Kyle Allen,2019,CAR,4,6,10
Kyle Allen,2020,WAS,1,3,4
Kyle Allen,2022,HOU,0,2,2
Kyle Boller,2003,BAL,5,4,9
Kyle Boller,2004,BAL,9,7,16
Kyle Boller,2005,BAL,4,5,9
Kyle Boller,2007,BAL,2,6,8
Kyle Boller,2009,STL,0,4,4
Kyle Boller,2011,OAK,0,1,1
Kyle Orton,2005,CHI,10,5,15
Kyle Orton,2007,CHI,2,1,3
Kyle Orton,2008,CHI,9,6,15
Kyle Orton,2009,DEN,8,7,15
Kyle Orton,2010,DEN,3,10,13
Kyle Orton,2011,DEN,1,4,5
Kyle Orton,2011,KC,2,1,3
Kyle Orton,2013,DAL,0,1,1
Kyle Orton,2014,BUF,7,5,12
Kyler Murray,2019,ARI,6,11,17
Kyler Murray,2020,ARI,8,8,16
Kyler Murray,2021,ARI,8,6,14
Kyler Murray,2022,ARI,3,8,11
Kyler Murray,2023,ARI,3,5,8
Kyler Murray,2024,ARI,8,9,17
Kyler Murray,2025,ARI,2,3,5
Lamar Jackson,2018,BAL,6,2,8
Lamar Jackson,2019,BAL,13,3,16
Lamar Jackson,2020,BAL,12,5,17
Lamar Jackson,2021,BAL,7,5,12
Lamar Jackson,2022,BAL,8,4,12
Lamar Jackson,2023,BAL,14,4,18
Lamar Jackson,2024,BAL,13,6,19
Lamar Jackson,2025,BAL,6,7,13
Landry Jones,2015,PIT,1,1,2
Landry Jones,2016,PIT,1,1,2
Landry Jones,2017,PIT,1,0,1
Luke Falk,2019,NYJ,0,2,2
Luke McCown,2004,CLE,0,4,4
Luke McCown,2007,TB,1,2,3
Luke McCown,2011,JAX,1,1,2
Luke McCown,2015,NO,0,1,1
Mac Jones,2021,NE,10,8,18
Mac Jones,2022,NE,6,8,14
Mac Jones,2023,NE,2,9,11
Mac Jones,2024,JAX,2,5,7
Mac Jones,2025,SF,5,3,8
Malik Willis,2022,TEN,1,2,3
Malik Willis,2024,GB,2,0,2
Malik Willis,2025,GB,0,1,1
Marc Bulger,2002,STL,6,1,7
Marc Bulger,2003,STL,12,4,16
Marc Bulger,2004,STL,9,7,16
Marc Bulger,2005,STL,2,6,8
Marc Bulger,2006,STL,8,8,16
Marc Bulger,2007,STL,2,10,12
Marc Bulger,2008,STL,2,13,15
Marc Bulger,2009,STL,1,7,8
Marcus Mariota,2015,TEN,3,9,12
Marcus Mariota,2016,TEN,8,7,15
Marcus Mariota,2017,TEN,10,7,17
Marcus Mariota,2018,TEN,7,6,13
Marcus Mariota,2019,TEN,2,4,6
Marcus Mariota,2022,ATL,5,8,13
Marcus Mariota,2024,WAS,2,3,5
Marcus Mariota,2025,WAS,2,5,7
Mark Brunell,2000,JAX,7,9,16
Mark Brunell,2001,JAX,6,9,15
Mark Brunell,2002,JAX,6,9,15
Mark Brunell,2003,JAX,0,3,3
Mark Brunell,2004,WAS,3,6,9
Mark Brunell,2005,WAS,10,7,17
Mark Brunell,2006,WAS,3,6,9
Mark Brunell,2009,NO,0,1,1
Mark Brunell,2010,NYJ,1,0,1
Mark Sanchez,2009,NYJ,10,8,18
Mark Sanchez,2010,NYJ,12,6,18
Mark Sanchez,2011,NYJ,8,8,16
Mark Sanchez,2012,NYJ,6,9,15
Mark Sanchez,2014,PHI,4,4,8
Mark Sanchez,2015,PHI,0,2,2
Mark Sanchez,2016,DAL,0,1,1
Mark Sanchez,2018,WAS,0,1,1
Marques Tuiasosopo,2003,OAK,0,1,1
Marques Tuiasosopo,2005,OAK,0,1,1
Mason Rudolph,2019,PIT,5,3,8
Mason Rudolph,2020,PIT,0,1,1
Mason Rudolph,2021,PIT,1,1,2
Mason Rudolph,2023,PIT,3,1,4
Mason Rudolph,2024,TEN,2,9,11
Mason Rudolph,2025,PIT,0,1,1
Matt Barkley,2016,CHI,1,5,6
Matt Barkley,2018,BUF,1,0,1
Matt Barkley,2019,BUF,0,1,1
Matt Cassel,2005,NE,0,1,1
Matt Cassel,2008,NE,10,5,15
Matt Cassel,2009,KC,4,11,15
Matt Cassel,2010,KC,10,6,16
Matt Cassel,2011,KC,4,5,9
Matt Cassel,2012,KC,1,7,8
Matt Cassel,2013,MIN,3,3,6
Matt Cassel,2014,MIN,1,2,3
Matt Cassel,2015,DAL,1,6,7
Matt Cassel,2016,TEN,1,0,1
Matt Cassel,2017,TEN,0,1,1
Matt Flynn,2010,GB,0,1,1
Matt Flynn,2011,GB,1,0,1
Matt Flynn,2013,GB,2,2,4
Matt Flynn,2013,OAK,0,1,1
Matt Hasselbeck,2001,SEA,5,7,12
Matt Hasselbeck,2002,SEA,5,5,10
Matt Hasselbeck,2003,SEA,10,7,17
Matt Hasselbeck,2004,SEA,7,8,15
Matt Hasselbeck,2005,SEA,15,3,18
Matt Hasselbeck,2006,SEA,8,6,14
Matt Hasselbeck,2007,SEA,11,7,18
Matt Hasselbeck,2008,SEA,1,6,7
Matt Hasselbeck,2009,SEA,5,9,14
Matt Hasselbeck,2010,SEA,7,9,16
Matt Hasselbeck,2011,TEN,9,7,16
Matt Hasselbeck,2012,TEN,2,3,5
Matt Hasselbeck,2015,IND,5,3,8
Matt Leinart,2006,ARI,4,7,11
Matt Leinart,2007,ARI,3,2,5
Matt Leinart,2009,ARI,0,1,1
Matt Leinart,2011,HOU,1,0,1
Matt Lytle,2001,CAR,0,1,1
Matt Mauck,2005,TEN,0,1,1
Matt McGloin,2013,OAK,1,5,6
Matt McGloin,2016,OAK,0,1,1
Matt Moore,2007,CAR,2,1,3
Matt Moore,2009,CAR,4,1,5
Matt Moore,2010,CAR,1,4,5
Matt Moore,2011,MIA,6,6,12
Matt Moore,2016,MIA,2,2,4
Matt Moore,2017,MIA,0,2,2
Matt Moore,2019,KC,1,1,2
Matt Ryan,2008,ATL,11,6,17
Matt Ryan,2009,ATL,9,5,14
Matt Ryan,2010,ATL,13,4,17
Matt Ryan,2011,ATL,10,7,17
Matt Ryan,2012,ATL,14,4,18
Matt Ryan,2013,ATL,4,12,16
Matt Ryan,2014,ATL,6,10,16
Matt Ryan,2015,ATL,8,8,16
Matt Ryan,2016,ATL,13,6,19
Matt Ryan,2017,ATL,11,7,18
Matt Ryan,2018,ATL,7,9,16
Matt Ryan,2019,ATL,7,8,15
Matt Ryan,2020,ATL,4,12,16
Matt Ryan,2021,ATL,7,10,17
Matt Ryan,2022,IND,4,6,10
Matt Schaub,2004,ATL,0,2,2
Matt Schaub,2005,ATL,0,1,1
Matt Schaub,2006,ATL,0,1,1
Matt Schaub,2007,HOU,4,7,11
Matt Schaub,2008,HOU,6,5,11
Matt Schaub,2009,HOU,9,7,16
Matt Schaub,2010,HOU,6,10,16
Matt Schaub,2011,HOU,7,3,10
Matt Schaub,2012,HOU,13,5,18
Matt Schaub,2013,HOU,2,6,8
Matt Schaub,2015,BAL,1,1,2
Matt Schaub,2019,ATL,0,1,1
Matthew Stafford,2009,DET,2,8,10
Matthew Stafford,2010,DET,1,2,3
Matthew Stafford,2011,DET,10,7,17
Matthew Stafford,2012,DET,4,12,16
Matthew Stafford,2013,DET,7,9,16
Matthew Stafford,2014,DET,11,6,17
Matthew Stafford,2015,DET,7,9,16
Matthew Stafford,2016,DET,9,8,17
Matthew Stafford,2017,DET,9,7,16
Matthew Stafford,2018,DET,6,10,16
Matthew Stafford,2019,DET,3,4,7
Matthew Stafford,2020,DET,5,11,16
Matthew Stafford,2021,LA,16,5,21
Matthew Stafford,2022,LA,3,6,9
Matthew Stafford,2023,LA,9,7,16
Matthew Stafford,2024,LA,11,7,18
Matthew Stafford,2025,LA,14,6,20
Max Brosmer,2025,MIN,1,1,2
Max Hall,2010,ARI,1,2,3
Michael Penix,2025,ATL,3,6,9
Michael Penix Jr.,2024,ATL,1,2,3
Michael Vick,2001,ATL,1,1,2
Michael Vick,2002,ATL,9,7,16
Michael Vick,2003,ATL,3,1,4
Michael Vick,2004,ATL,12,4,16
Michael Vick,2005,ATL,8,7,15
Michael Vick,2006,ATL,7,8,15
Michael Vick,2010,PHI,8,4,12
Michael Vick,2011,PHI,7,6,13
Michael Vick,2012,PHI,3,7,10
Michael Vick,2013,PHI,2,4,6
Michael Vick,2014,NYJ,1,2,3
Michael Vick,2015,PIT,2,1,3
Mike Glennon,2013,TB,4,9,13
Mike Glennon,2014,TB,1,4,5
Mike Glennon,2017,CHI,1,3,4
Mike Glennon,2020,JAX,0,5,5
Mike Glennon,2021,NYG,0,4,4
Mike McMahon,2001,DET,1,2,3
Mike McMahon,2002,DET,0,4,4
Mike McMahon,2005,PHI,2,5,7
Mike White,2021,NYJ,1,2,3
Mike White,2022,NYJ,1,3,4
Mitch Trubisky,2017,CHI,4,8,12
Mitch Trubisky,2018,CHI,11,4,15
Mitch Trubisky,2019,CHI,8,7,15
Mitch Trubisky,2020,CHI,6,4,10
Mitch Trubisky,2022,PIT,1,3,4
Mitchell Trubisky,2023,PIT,0,2,2
Mitchell Trubisky,2024,BUF,0,1,1
Mitchell Trubisky,2025,BUF,1,0,1
Moses Moreno,2000,SD,0,2,2
Nathan Peterman,2017,BUF,1,1,2
Nathan Peterman,2018,BUF,0,2,2
Nathan Peterman,2022,CHI,0,1,1
Neil O'Donnell,2000,TEN,1,0,1
Neil O'Donnell,2001,TEN,0,1,1
Neil O'Donnell,2003,TEN,1,0,1
Nick Foles,2012,PHI,1,5,6
Nick Foles,2013,PHI,8,3,11
Nick Foles,2014,PHI,6,2,8
Nick Foles,2015,STL,4,7,11
Nick Foles,2016,KC,1,0,1
Nick Foles,2017,PHI,5,1,6
Nick Foles,2018,PHI,5,2,7
Nick Foles,2019,JAX,0,4,4
Nick Foles,2020,CHI,2,5,7
Nick Foles,2021,CHI,1,0,1
Nick Foles,2022,IND,0,2,2
Nick Mullens,2018,SF,3,5,8
Nick Mullens,2020,SF,2,6,8
Nick Mullens,2021,CLE,0,1,1
Nick Mullens,2023,MIN,0,3,3
Patrick Mahomes,2017,KC,1,0,1
Patrick Mahomes,2018,KC,13,5,18
Patrick Mahomes,2019,KC,14,3,17
Patrick Mahomes,2020,KC,16,2,18
Patrick Mahomes,2021,KC,14,6,20
Patrick Mahomes,2022,KC,17,3,20
Patrick Mahomes,2023,KC,14,6,20
Patrick Mahomes,2024,KC,17,2,19
Patrick Mahomes,2025,KC,6,8,14
Patrick Ramsey,2002,WAS,2,3,5
Patrick Ramsey,2003,WAS,4,7,11
Patrick Ramsey,2004,WAS,3,4,7
Patrick Ramsey,2005,WAS,1,0,1
Paxton Lynch,2016,DEN,1,1,2
Paxton Lynch,2017,DEN,0,2,2
Peyton Manning,2000,IND,10,7,17
Peyton Manning,2001,IND,6,10,16
Peyton Manning,2002,IND,10,7,17
Peyton Manning,2003,IND,14,5,19
Peyton Manning,2004,IND,13,4,17
Peyton Manning,2005,IND,13,3,16
Peyton Manning,2006,IND,16,4,20
Peyton Manning,2007,IND,13,3,16
Peyton Manning,2008,IND,11,5,16
Peyton Manning,2009,IND,16,3,19
Peyton Manning,2010,IND,10,7,17
Peyton Manning,2012,DEN,13,4,17
Peyton Manning,2013,DEN,15,4,19
Peyton Manning,2014,DEN,12,5,17
Peyton Manning,2015,DEN,10,2,12
Philip Rivers,2005,SD,0,1,1
Philip Rivers,2006,SD,14,3,17
Philip Rivers,2007,SD,13,6,19
Philip Rivers,2008,SD,9,9,18
Philip Rivers,2009,SD,12,4,16
Philip Rivers,2010,SD,9,7,16
Philip Rivers,2011,SD,8,8,16
Philip Rivers,2012,SD,7,9,16
Philip Rivers,2013,SD,10,8,18
Philip Rivers,2014,SD,9,7,16
Philip Rivers,2015,SD,4,12,16
Philip Rivers,2016,SD,5,11,16
Philip Rivers,2017,LAC,9,7,16
Philip Rivers,2018,LAC,13,5,18
Philip Rivers,2019,LAC,5,11,16
Philip Rivers,2020,IND,11,6,17
Philip Rivers,2025,IND,0,3,3
Phillip Walker,2020,CAR,1,0,1
Phillip Walker,2021,CAR,1,0,1
Phillip Walker,2022,CAR,2,4,6
Phillip Walker,2023,CLE,1,1,2
Quincy Carter,2001,DAL,3,5,8
Quincy Carter,2002,DAL,3,4,7
Quincy Carter,2003,DAL,10,7,17
Quincy Carter,2004,NYJ,2,1,3
Quinn Ewers,2025,MIA,1,2,3
Quinn Gray,2006,JAX,0,1,1
Quinn Gray,2007,JAX,2,2,4
Randall Cunningham,2000,DAL,1,2,3
Randall Cunningham,2001,BAL,2,0,2
Randy Fasani,2002,CAR,0,1,1
Ray Lucas,2000,NYJ,0,1,1
Ray Lucas,2002,MIA,2,4,6
Rex Grossman,2003,CHI,2,0,2
Rex Grossman,2004,CHI,1,2,3
Rex Grossman,2005,CHI,1,1,2
Rex Grossman,2006,CHI,15,4,19
Rex Grossman,2007,CHI,2,5,7
Rex Grossman,2008,CHI,0,1,1
Rex Grossman,2010,WAS,1,2,3
Rex Grossman,2011,WAS,5,8,13
Rich Gannon,2000,OAK,13,5,18
Rich Gannon,2001,OAK,11,7,18
Rich Gannon,2002,OAK,13,6,19
Rich Gannon,2003,OAK,2,5,7
Rich Gannon,2004,OAK,2,1,3
Rick Mirer,2003,OAK,2,6,8
Riley Leonard,2025,IND,0,1,1
Rob Johnson,2000,BUF,4,7,11
Rob Johnson,2001,BUF,1,7,8
Rob Johnson,2002,TB,2,0,2
Robert Griffin,2012,WAS,9,7,16
Robert Griffin,2013,WAS,3,10,13
Robert Griffin,2014,WAS,2,5,7
Robert Griffin,2016,CLE,1,4,5
Robert Griffin,2019,BAL,1,0,1
Robert Griffin,2020,BAL,0,1,1
Rodney Peete,2002,CAR,7,7,14
Rodney Peete,2003,CAR,1,0,1
Russell Wilson,2012,SEA,12,6,18
Russell Wilson,2013,SEA,16,3,19
Russell Wilson,2014,SEA,14,5,19
Russell Wilson,2015,SEA,11,7,18
Russell Wilson,2016,SEA,11,6,17
Russell Wilson,2017,SEA,9,7,16
Russell Wilson,2018,SEA,10,7,17
Russell Wilson,2019,SEA,12,6,18
Russell Wilson,2020,SEA,12,5,17
Russell Wilson,2021,SEA,6,8,14
Russell Wilson,2022,DEN,4,11,15
Russell Wilson,2023,DEN,7,8,15
Russell Wilson,2024,PIT,6,6,12
Russell Wilson,2025,NYG,0,3,3
Rusty Smith,2010,TEN,0,1,1
Ryan Finley,2019,CIN,0,3,3
Ryan Finley,2020,CIN,1,0,1
Ryan Fitzpatrick,2005,STL,0,3,3
Ryan Fitzpatrick,2008,CIN,5,8,13
Ryan Fitzpatrick,2009,BUF,4,4,8
Ryan Fitzpatrick,2010,BUF,4,9,13
Ryan Fitzpatrick,2011,BUF,6,10,16
Ryan Fitzpatrick,2012,BUF,6,10,16
Ryan Fitzpatrick,2013,TEN,3,6,9
Ryan Fitzpatrick,2014,HOU,6,6,12
Ryan Fitzpatrick,2015,NYJ,10,6,16
Ryan Fitzpatrick,2016,NYJ,3,8,11
Ryan Fitzpatrick,2017,TB,2,1,3
Ryan Fitzpatrick,2018,TB,2,5,7
Ryan Fitzpatrick,2019,MIA,5,8,13
Ryan Fitzpatrick,2020,MIA,4,3,7
Ryan Fitzpatrick,2021,WAS,0,1,1
Ryan Leaf,2000,SD,1,8,9
Ryan Leaf,2001,DAL,0,3,3
Ryan Lindley,2012,ARI,1,3,4
Ryan Lindley,2014,ARI,0,3,3
Ryan Mallett,2014,HOU,1,1,2
Ryan Mallett,2015,BAL,1,1,2
Ryan Mallett,2015,HOU,1,3,4
Ryan Tannehill,2012,MIA,7,9,16
Ryan Tannehill,2013,MIA,8,8,16
Ryan Tannehill,2014,MIA,8,8,16
Ryan Tannehill,2015,MIA,6,10,16
Ryan Tannehill,2016,MIA,8,5,13
Ryan Tannehill,2018,MIA,5,6,11
Ryan Tannehill,2019,TEN,9,4,13
Ryan Tannehill,2020,TEN,11,6,17
Ryan Tannehill,2021,TEN,12,6,18
Ryan Tannehill,2022,TEN,6,6,12
Ryan Tannehill,2023,TEN,3,5,8
Sage Rosenfels,2004,MIA,0,1,1
Sage Rosenfels,2005,MIA,0,1,1
Sage Rosenfels,2007,HOU,4,1,5
Sage Rosenfels,2008,HOU,2,3,5
Sam Bradford,2010,STL,7,9,16
Sam Bradford,2011,STL,1,9,10
Sam Bradford,2012,STL,7,8,15
Sam Bradford,2013,STL,3,4,7
Sam Bradford,2015,PHI,7,7,14
Sam Bradford,2016,MIN,7,8,15
Sam Bradford,2017,MIN,2,0,2
Sam Bradford,2018,ARI,0,3,3
Sam Darnold,2018,NYJ,4,9,13
Sam Darnold,2019,NYJ,7,6,13
Sam Darnold,2020,NYJ,2,10,12
Sam Darnold,2021,CAR,4,8,12
Sam Darnold,2022,CAR,4,2,6
Sam Darnold,2023,SF,0,1,1
Sam Darnold,2024,MIN,14,4,18
Sam Darnold,2025,SEA,17,3,20
Sam Ehlinger,2022,IND,0,4,4
Sam Howell,2022,WAS,1,0,1
Sam Howell,2023,WAS,4,13,17
Scott Mitchell,2000,CIN,2,3,5
Scott Tolzien,2013,GB,1,2,3
Scott Tolzien,2016,IND,0,1,1
Scott Tolzien,2017,IND,0,1,1
Sean Mannion,2017,LA,0,1,1
Sean Mannion,2019,MIN,0,1,1
Sean Mannion,2021,MIN,0,1,1
Seneca Wallace,2005,SEA,0,1,1
Seneca Wallace,2006,SEA,2,2,4
Seneca Wallace,2008,SEA,3,5,8
Seneca Wallace,2009,SEA,0,2,2
Seneca Wallace,2010,CLE,1,3,4
Seneca Wallace,2011,CLE,0,3,3
Seneca Wallace,2013,GB,0,1,1
Shane Matthews,2000,CHI,3,2,5
Shane Matthews,2001,CHI,2,1,3
Shane Matthews,2002,WAS,3,4,7
Shaun Hill,2007,SF,2,0,2
Shaun Hill,2008,SF,5,3,8
Shaun Hill,2009,SF,3,3,6
Shaun Hill,2010,DET,3,7,10
Shaun Hill,2014,STL,3,5,8
Shaun Hill,2016,MIN,1,0,1
Shaun King,2000,TB,10,7,17
Shaun King,2001,TB,0,1,1
Shaun King,2002,TB,0,1,1
Shaun King,2004,ARI,0,2,2
Shedeur Sanders,2025,CLE,3,4,7
Skylar Thompson,2022,MIA,1,1,2
Skylar Thompson,2024,MIA,0,1,1
Spencer Rattler,2024,NO,0,4,4
Spencer Rattler,2025,NO,1,7,8
Spergon Wynn,2000,CLE,0,1,1
Spergon Wynn,2001,MIN,0,2,2
Stephen McGee,2010,DAL,1,0,1
Steve Beuerlein,2000,CAR,7,9,16
Steve Beuerlein,2002,DEN,1,2,3
Steve Beuerlein,2003,DEN,1,1,2
Steve McNair,2000,TEN,12,4,16
Steve McNair,2001,TEN,7,8,15
Steve McNair,2002,TEN,12,6,18
Steve McNair,2003,TEN,11,5,16
Steve McNair,2004,TEN,3,5,8
Steve McNair,2005,TEN,4,10,14
Steve McNair,2006,BAL,13,4,17
Steve McNair,2007,BAL,2,4,6
Stoney Case,2000,DET,1,1,2
T.J. Yates,2011,HOU,3,3,6
T.J. Yates,2015,HOU,2,0,2
T.J. Yates,2017,HOU,0,3,3
Tanner McKee,2024,PHI,1,0,1
Tanner McKee,2025,PHI,0,1,1
Tarvaris Jackson,2006,MIN,0,2,2
Tarvaris Jackson,2007,MIN,8,4,12
Tarvaris Jackson,2008,MIN,2,4,6
Tarvaris Jackson,2010,MIN,0,1,1
Tarvaris Jackson,2011,SEA,7,7,14
Taylor Heinicke,2018,CAR,0,1,1
Taylor Heinicke,2020,WAS,0,1,1
Taylor Heinicke,2021,WAS,7,8,15
Taylor Heinicke,2022,WAS,5,3,8
Taylor Heinicke,2023,ATL,1,3,4
Taysom Hill,2020,NO,3,1,4
Taysom Hill,2021,NO,4,1,5
Taysom Kyler Murray,2021,ARI,1,0,1
Teddy Bridgewater,2014,MIN,6,6,12
Teddy Bridgewater,2015,MIN,11,6,17
Teddy Bridgewater,2018,NO,0,1,1
Teddy Bridgewater,2019,NO,5,0,5
Teddy Bridgewater,2020,CAR,4,11,15
Teddy Bridgewater,2021,DEN,7,7,14
Teddy Bridgewater,2022,MIA,0,3,3
Terrelle Pryor,2012,OAK,0,1,1
Terrelle Pryor,2013,OAK,3,6,9
Thaddeus Lewis,2012,CLE,0,1,1
Thaddeus Lewis,2013,BUF,2,3,5
Tim Boyle,2021,DET,0,3,3
Tim Boyle,2023,NYJ,0,2,2
Tim Boyle,2024,MIA,0,2,2
Tim Couch,2000,CLE,2,5,7
Tim Couch,2001,CLE,7,9,16
Tim Couch,2002,CLE,7,6,13
Tim Couch,2003,CLE,3,5,8
Tim Hasselbeck,2003,WAS,1,4,5
Tim Rattay,2002,SF,0,1,1
Tim Rattay,2003,SF,2,1,3
Tim Rattay,2004,SF,1,8,9
Tim Rattay,2005,SF,1,3,4
Tim Rattay,2006,TB,1,1,2
Tim Tebow,2010,DEN,1,2,3
Tim Tebow,2011,DEN,8,5,13
Todd Bouman,2001,MIN,1,2,3
Todd Bouman,2005,NO,0,3,3
Todd Bouman,2010,JAX,0,1,1
Todd Collins,2007,WAS,3,1,4
Todd Collins,2010,CHI,1,0,1
Tom Brady,2001,NE,14,3,17
Tom Brady,2002,NE,9,7,16
Tom Brady,2003,NE,17,2,19
Tom Brady,2004,NE,17,2,19
Tom Brady,2005,NE,11,6,17
Tom Brady,2006,NE,14,5,19
Tom Brady,2007,NE,18,1,19
Tom Brady,2008,NE,1,0,1
Tom Brady,2009,NE,10,7,17
Tom Brady,2010,NE,14,3,17
Tom Brady,2011,NE,15,4,19
Tom Brady,2012,NE,13,5,18
Tom Brady,2013,NE,13,5,18
Tom Brady,2014,NE,15,3,18
Tom Brady,2015,NE,13,5,18
Tom Brady,2016,NE,14,1,15
Tom Brady,2017,NE,15,4,19
Tom Brady,2018,NE,14,5,19
Tom Brady,2019,NE,12,5,17
Tom Brady,2020,TB,15,5,20
Tom Brady,2021,TB,14,5,19
Tom Brady,2022,TB,8,9,17
Tom Savage,2016,HOU,1,0,1
Tom Savage,2017,HOU,1,6,7
Tommy DeVito,2023,NYG,3,3,6
Tommy DeVito,2024,NYG,1,4,5
Tommy Maddox,2002,PIT,9,5,14
Tommy Maddox,2003,PIT,6,10,16
Tommy Maddox,2004,PIT,2,1,3
Tommy Maddox,2005,PIT,0,2,2
Tony Banks,2000,BAL,5,3,8
Tony Banks,2001,WAS,8,6,14
Tony Banks,2003,HOU,2,1,3
Tony Banks,2005,HOU,0,1,1
Tony Romo,2006,DAL,6,5,11
Tony Romo,2007,DAL,13,4,17
Tony Romo,2008,DAL,8,5,13
Tony Romo,2009,DAL,12,6,18
Tony Romo,2010,DAL,1,5,6
Tony Romo,2011,DAL,8,8,16
Tony Romo,2012,DAL,8,8,16
Tony Romo,2013,DAL,8,7,15
Tony Romo,2014,DAL,13,4,17
Tony Romo,2015,DAL,3,1,4
Trace McSorley,2022,ARI,0,1,1
Travis Brown,2001,BUF,0,1,1
Trent Dilfer,2000,BAL,11,1,12
Trent Dilfer,2001,SEA,4,0,4
Trent Dilfer,2002,SEA,2,4,6
Trent Dilfer,2004,SEA,2,0,2
Trent Dilfer,2005,CLE,4,7,11
Trent Dilfer,2007,SF,1,5,6
Trent Edwards,2007,BUF,5,4,9
Trent Edwards,2008,BUF,7,7,14
Trent Edwards,2009,BUF,2,5,7
Trent Edwards,2010,BUF,0,2,2
Trent Edwards,2010,JAX,0,1,1
Trent Green,2000,STL,2,3,5
Trent Green,2001,KC,6,10,16
Trent Green,2002,KC,8,8,16
Trent Green,2003,KC,13,4,17
Trent Green,2004,KC,7,9,16
Trent Green,2005,KC,10,6,16
Trent Green,2006,KC,4,5,9
Trent Green,2007,MIA,0,5,5
Trent Green,2008,STL,0,1,1
Trevor Lawrence,2021,JAX,3,14,17
Trevor Lawrence,2022,JAX,10,9,19
Trevor Lawrence,2023,JAX,8,8,16
Trevor Lawrence,2024,JAX,2,8,10
Trevor Lawrence,2025,JAX,13,5,18
Trevor Siemian,2016,DEN,8,6,14
Trevor Siemian,2017,DEN,5,5,10
Trevor Siemian,2019,NYJ,0,1,1
Trevor Siemian,2021,NO,0,4,4
Trevor Siemian,2022,CHI,0,1,1
Trevor Siemian,2023,NYJ,2,1,3
Trey Lance,2021,SF,1,1,2
Trey Lance,2022,SF,1,1,2
Trey Lance,2024,DAL,0,1,1
Trey Lance,2025,LAC,0,1,1
Troy Aikman,2000,DAL,4,7,11
Troy Smith,2007,BAL,1,1,2
Troy Smith,2010,SF,3,3,6
Tua Tagovailoa,2020,MIA,6,3,9
Tua Tagovailoa,2021,MIA,7,5,12
Tua Tagovailoa,2022,MIA,8,5,13
Tua Tagovailoa,2023,MIA,11,7,18
Tua Tagovailoa,2024,MIA,6,5,11
Tua Tagovailoa,2025,MIA,6,8,14
Ty Detmer,2001,DET,1,3,4
Tyler Huntley,2021,BAL,1,3,4
Tyler Huntley,2022,BAL,2,3,5
Tyler Huntley,2023,BAL,0,1,1
Tyler Huntley,2024,MIA,2,1,3
Tyler Huntley,2025,BAL,2,0,2
Tyler Palko,2011,KC,1,3,4
Tyler Shough,2025,NO,5,4,9
Tyler Thigpen,2008,KC,1,10,11
Tyler Thigpen,2010,MIA,0,1,1
Tyrod Taylor,2012,BAL,0,1,1
Tyrod Taylor,2015,BUF,8,6,14
Tyrod Taylor,2016,BUF,7,8,15
Tyrod Taylor,2017,BUF,8,7,15
Tyrod Taylor,2018,CLE,2,2,4
Tyrod Taylor,2020,LAC,1,0,1
Tyrod Taylor,2021,HOU,2,4,6
Tyrod Taylor,2023,NYG,2,3,5
Tyrod Taylor,2025,NYJ,2,6,8
Tyson Bagent,2023,CHI,2,2,4
Vince Young,2006,TEN,8,5,13
Vince Young,2007,TEN,9,7,16
Vince Young,2008,TEN,1,1,2
Vince Young,2009,TEN,8,2,10
Vince Young,2010,TEN,4,4,8
Vince Young,2011,PHI,1,2,3
Vinny Testaverde,2000,NYJ,9,6,15
Vinny Testaverde,2001,NYJ,10,7,17
Vinny Testaverde,2002,NYJ,1,3,4
Vinny Testaverde,2003,NYJ,2,5,7
Vinny Testaverde,2004,DAL,5,10,15
Vinny Testaverde,2005,NYJ,1,3,4
Vinny Testaverde,2007,CAR,2,4,6
Warren Moon,2000,KC,0,1,1
Will Grier,2019,CAR,0,2,2
Will Levis,2023,TEN,3,6,9
Will Levis,2024,TEN,1,5,6
Zach Mettenberger,2014,TEN,0,6,6
Zach Mettenberger,2015,TEN,0,4,4
Zach Wilson,2021,NYJ,3,10,13
Zach Wilson,2022,NYJ,5,4,9
Zach Wilson,2023,NYJ,4,7,11
